{
    "evaluation_frequency": {
        "frequency": 1,
        "period": "epoch"
    },
    "test": {
        "Close_next": {
            "loss": [
                0.02424277924001217,
                0.009155726991593838,
                0.013586761429905891,
                0.2980494797229767,
                0.05021318048238754,
                0.011919849552214146,
                0.004633096978068352,
                0.01753493957221508,
                0.6635553240776062,
                0.20978137850761414
            ],
            "mean_absolute_error": [
                0.12402065843343735,
                0.07806124538183212,
                0.09563971310853958,
                0.541327178478241,
                0.19928894937038422,
                0.08501206338405609,
                0.054545193910598755,
                0.12037872523069382,
                0.8084704279899597,
                0.4554119110107422
            ],
            "mean_squared_error": [
                0.02424277924001217,
                0.009155726060271263,
                0.013586760498583317,
                0.2980494797229767,
                0.05021318048238754,
                0.011919849552214146,
                0.004633096978068352,
                0.01753493957221508,
                0.6635553240776062,
                0.20978136360645294
            ],
            "r2": [
                0.6758648157119751,
                0.8775844573974609,
                0.8183398246765137,
                -2.985034704208374,
                0.3286307454109192,
                0.8406270742416382,
                0.9380537271499634,
                0.7655512094497681,
                -7.871986389160156,
                -1.804856538772583
            ],
            "root_mean_squared_error": [
                0.1557009220123291,
                0.09568555653095245,
                0.11656226217746735,
                0.5459390878677368,
                0.22408297657966614,
                0.10917806625366211,
                0.06806685775518417,
                0.13241955637931824,
                0.8145890235900879,
                0.458018958568573
            ],
            "root_mean_squared_percentage_error": [
                0.051935259252786636,
                0.035136349499225616,
                0.042633332312107086,
                0.19964417815208435,
                0.07555891573429108,
                0.03587440401315689,
                0.023579251021146774,
                0.04647877439856529,
                0.2896745204925537,
                0.167637437582016
            ]
        },
        "combined": {
            "loss": [
                0.02431342378258705,
                0.009159605018794537,
                0.013586917892098427,
                0.2980586886405945,
                0.05025765299797058,
                0.011946291662752628,
                0.00464195990934968,
                0.017533183097839355,
                0.6636397242546082,
                0.2097400724887848
            ]
        }
    },
    "training": {
        "Close_next": {
            "loss": [
                1.7924294471740723,
                0.27561452984809875,
                0.02244882844388485,
                0.07692809402942657,
                0.383660227060318,
                0.31797128915786743,
                0.09721345454454422,
                0.055003587156534195,
                0.2135273516178131,
                0.6705044507980347
            ],
            "mean_absolute_error": [
                0.991097629070282,
                0.4013974368572235,
                0.12336408346891403,
                0.21434032917022705,
                0.5869582891464233,
                0.4786645174026489,
                0.2581237554550171,
                0.18865707516670227,
                0.39354291558265686,
                0.7388245463371277
            ],
            "mean_squared_error": [
                1.7924293279647827,
                0.27561452984809875,
                0.02244882844388485,
                0.07692809402942657,
                0.383660227060318,
                0.3179713189601898,
                0.09721344709396362,
                0.05500359088182449,
                0.21352732181549072,
                0.6705043911933899
            ],
            "r2": [
                -21.913196563720703,
                -2.523268461227417,
                0.71303790807724,
                0.016625404357910156,
                -3.904378890991211,
                -3.064639091491699,
                -0.24269211292266846,
                0.29686635732650757,
                -1.729527473449707,
                -7.5712080001831055
            ],
            "root_mean_squared_error": [
                1.3388164043426514,
                0.5249900221824646,
                0.14982932806015015,
                0.27735912799835205,
                0.6194031238555908,
                0.5638894438743591,
                0.31179070472717285,
                0.23452843725681305,
                0.4620901644229889,
                0.8188433051109314
            ],
            "root_mean_squared_percentage_error": [
                0.35257381200790405,
                0.15494610369205475,
                0.052524786442518234,
                0.08072991669178009,
                0.21549451351165771,
                0.17224900424480438,
                0.09386317431926727,
                0.07429248839616776,
                0.15216703712940216,
                0.2721732556819916
            ]
        },
        "combined": {
            "loss": [
                1.703037142753601,
                0.2833741009235382,
                0.023087667301297188,
                0.07430817186832428,
                0.38547632098197937,
                0.3040712773799896,
                0.0922815352678299,
                0.059179697185754776,
                0.2400658130645752,
                0.6804047226905823
            ]
        }
    },
    "validation": {
        "Close_next": {
            "loss": [
                0.02708292007446289,
                0.009605664759874344,
                0.013094814494252205,
                0.29619482159614563,
                0.05253729596734047,
                0.013210033997893333,
                0.005208676215261221,
                0.01764875091612339,
                0.6671940088272095,
                0.2080218642950058
            ],
            "mean_absolute_error": [
                0.13005977869033813,
                0.08059932291507721,
                0.09351883083581924,
                0.5392139554023743,
                0.20108267664909363,
                0.08832814544439316,
                0.05789070576429367,
                0.12137097865343094,
                0.8107485771179199,
                0.4535956382751465
            ],
            "mean_squared_error": [
                0.02708292007446289,
                0.009605664759874344,
                0.013094814494252205,
                0.29619482159614563,
                0.05253729596734047,
                0.013210033997893333,
                0.005208676215261221,
                0.01764875091612339,
                0.6671940088272095,
                0.2080218642950058
            ],
            "r2": [
                0.6662486791610718,
                0.8816263675689697,
                0.8386284708976746,
                -2.650102138519287,
                0.35256636142730713,
                0.83720862865448,
                0.9358118772506714,
                0.782508909702301,
                -7.222042083740234,
                -1.563518762588501
            ],