{
    "evaluation_frequency": {
        "frequency": 1,
        "period": "epoch"
    },
    "test": {
        "Close_next": {
            "loss": [
                47.30477523803711,
                24.7935848236084,
                2.095106363296509,
                5.809529781341553,
                1.9386883974075317,
                0.6165012121200562,
                0.3130986988544464,
                0.50252366065979,
                0.3123701810836792,
                0.30050331354141235
            ],
            "mean_absolute_error": [
                6.577690601348877,
                4.449738502502441,
                1.2242522239685059,
                2.2723753452301025,
                1.1888492107391357,
                0.6277786493301392,
                0.43776482343673706,
                0.587897539138794,
                0.4476860761642456,
                0.46232688426971436
            ],
            "mean_squared_error": [
                47.30477523803711,
                24.7935848236084,
                2.095106363296509,
                5.809529781341553,
                1.9386883974075317,
                0.6165012121200562,
                0.3130986988544464,
                0.50252366065979,
                0.3123701810836792,
                0.30050331354141235
            ],
            "r2": [
                -631.4828491210938,
                -330.4996643066406,
                -27.012367248535156,
                -76.67562103271484,
                -24.921001434326172,
                -7.242855072021484,
                -3.186248302459717,
                -5.718931674957275,
                -3.1765079498291016,
                -3.017843723297119
            ],
            "root_mean_squared_error": [
                6.877846717834473,
                4.979315757751465,
                1.4474482536315918,
                2.410296678543091,
                1.392367959022522,
                0.7851759195327759,
                0.5595522522926331,
                0.7088890075683594,
                0.5589008927345276,
                0.5481818318367004
            ],
            "root_mean_squared_percentage_error": [
                2.5892245769500732,
                1.6715224981307983,
                0.5437581539154053,
                0.854878306388855,
                0.5245333909988403,
                0.2914602756500244,
                0.20147663354873657,
                0.25508061051368713,
                0.20467877388000488,
                0.19748803973197937
            ]
        },
        "combined": {
            "loss": [
                47.297584533691406,
                24.811145782470703,
                2.0949935913085938,
                5.8061418533325195,
                1.9395824670791626,
                0.616191029548645,
                0.31387171149253845,
                0.5032667517662048,
                0.31251877546310425,
                0.30038613080978394
            ]
        }
    },
    "training": {
        "Close_next": {
            "loss": [
                67.20433807373047,
                26.127796173095703,
                10.34947395324707,
                2.6677682399749756,
                5.411730766296387,
                1.823229193687439,
                0.5533736944198608,
                0.7623815536499023,
                0.6702303886413574,
                0.2003100961446762
            ],
            "mean_absolute_error": [
                6.949293613433838,
                4.403719902038574,
                2.6136765480041504,
                1.327375888824463,
                2.0543055534362793,
                1.0885099172592163,
                0.5796283483505249,
                0.7130041122436523,
                0.6889157891273499,
                0.345305860042572
            ],
            "mean_squared_error": [
                67.204345703125,
                26.127796173095703,
                10.349472045898438,
                2.6677682399749756,
                5.411731719970703,
                1.8232290744781494,
                0.5533736348152161,
                0.7623816132545471,
                0.670230507850647,
                0.2003101110458374
            ],
            "r2": [
                -858.0692749023438,
                -332.9999694824219,
                -131.29766845703125,
                -33.10268020629883,
                -68.17988586425781,
                -22.306232452392578,
                -6.073795318603516,
                -8.745695114135742,
                -7.5675811767578125,
                -1.5605714321136475
            ],
            "root_mean_squared_error": [
                8.19782543182373,
                5.111535549163818,
                3.21705961227417,
                1.6333304643630981,
                2.326313018798828,
                1.3502700328826904,
                0.7438908815383911,
                0.8731446862220764,
                0.8186760544776917,
                0.4475601613521576
            ],
            "root_mean_squared_percentage_error": [
                2.5987277030944824,
                1.7681432962417603,
                1.0479313135147095,
                0.5784075856208801,
                0.8105559349060059,
                0.4495895504951477,
                0.26881951093673706,
                0.29424041509628296,
                0.2774253785610199,
                0.15815062820911407
            ]
        },
        "combined": {
            "loss": [
                65.52311706542969,
                25.875207901000977,
                10.06536865234375,
                2.834268093109131,
                5.473289966583252,
                1.7726722955703735,
                0.5644742846488953,
                0.7455558776855469,
                0.6465545296669006,
                0.1967008411884308
            ]
        }
    },
    "validation": {
        "Close_next": {
            "loss": [
                48.03840255737305,
                25.983068466186523,
                2.611083984375,
                6.114289283752441,
                2.0702855587005615,
                0.7180318236351013,
                0.41799283027648926,
                0.5351465344429016,
                0.3221476078033447,
                0.3306567966938019
            ],
            "mean_absolute_error": [
                6.597120761871338,
                4.474081516265869,
                1.2884337902069092,
                2.3360323905944824,
                1.1859511137008667,
                0.6373863816261292,
                0.47632989287376404,
                0.5926811695098877,
                0.4480380713939667,
                0.4757956862449646
            ],
            "mean_squared_error": [
                48.03840255737305,
                25.983068466186523,
                2.611083984375,
                6.114289283752441,
                2.0702855587005615,
                0.7180318236351013,
                0.41799283027648926,
                0.5351465344429016,
                0.3221476078033447,
                0.3306567966938019
            ],
            "r2": [
                -590.9923706054688,
                -319.197509765625,
                -31.17721176147461,
                -74.34831237792969,
                -24.512781143188477,
                -7.848532676696777,
                -4.151057243347168,
                -5.5947794914245605,
                -2.969926595687866,
                -3.0747876167297363
            ],
            "root_mean_squared_error": [
                6.930974006652832,
                5.0973591804504395,
                1.6158849000930786,
                2.4727089405059814,
                1.4388487339019775,
                0.8473675847053528,
                0.646523654460907,
                0.7315371036529541,
                0.5675804615020752,
                0.5750276446342468
            ],