{
    "evaluation_frequency": {
        "frequency": 1,
        "period": "epoch"
    },
    "test": {
        "Close_next": {
            "loss": [
                46.964962005615234,
                27.617624282836914,
                2.922619342803955,
                1.1346867084503174,
                3.0089080333709717,
                0.3876246511936188,
                0.8347970247268677,
                0.4559698700904846,
                0.459317147731781
            ],
            "mean_absolute_error": [
                6.551141262054443,
                4.752420902252197,
                1.492417573928833,
                0.849168062210083,
                1.5765372514724731,
                0.47728219628334045,
                0.8048568367958069,
                0.5727104544639587,
                0.5742176175117493
            ],
            "mean_squared_error": [
                46.9649658203125,
                27.617624282836914,
                2.922619581222534,
                1.1346867084503174,
                3.0089080333709717,
                0.3876246213912964,
                0.8347969651222229,
                0.45596984028816223,
                0.459317147731781
            ],
            "r2": [
                -626.9393920898438,
                -368.2581481933594,
                -38.076534271240234,
                -14.17119312286377,
                -39.23024368286133,
                -4.182688236236572,
                -10.161552429199219,
                -5.096489906311035,
                -5.141244411468506
            ],
            "root_mean_squared_error": [
                6.8530988693237305,
                5.255247116088867,
                1.7095670700073242,
                1.0652167797088623,
                1.734620451927185,
                0.6225950717926025,
                0.9136722683906555,
                0.6752554178237915,
                0.6777294278144836
            ],
            "root_mean_squared_percentage_error": [
                2.5803463459014893,
                1.7704730033874512,
                0.6453276872634888,
                0.39139866828918457,
                0.6483922004699707,
                0.227494478225708,
                0.33239901065826416,
                0.24617816507816315,
                0.23933815956115723
            ]
        },
        "combined": {
            "loss": [
                46.95785140991211,
                27.636165618896484,
                2.9216468334198,
                1.1356892585754395,
                3.010348320007324,
                0.3871845602989197,
                0.8340585827827454,
                0.45588257908821106,
                0.45868390798568726
            ]
        }
    },
    "training": {
        "Close_next": {
            "loss": [
                67.51980590820312,
                25.98613929748535,
                11.25235366821289,
                1.6050870418548584,
                1.273964524269104,
                2.4370551109313965,
                0.5023666620254517,
                0.8401051759719849,
                0.6576095819473267
            ],
            "mean_absolute_error": [
                6.952486991882324,
                4.383070468902588,
                2.737882614135742,
                0.9908033013343811,
                0.8889538645744324,
                1.3514820337295532,
                0.5459532737731934,
                0.7763031125068665,
                0.6830148696899414
            ],
            "mean_squared_error": [
                67.51980590820312,
                25.986141204833984,
                11.252352714538574,
                1.6050872802734375,
                1.2739646434783936,
                2.4370551109313965,
                0.5023666620254517,
                0.8401051759719849,
                0.6576095223426819
            ],
            "r2": [
                -862.1080932617188,
                -331.18914794921875,
                -142.8424072265625,
                -19.51788902282715,
                -15.285375595092773,
                -30.15365219116211,
                -5.421960830688477,
                -9.73933219909668,
                -7.406184196472168
            ],
            "root_mean_squared_error": [
                8.21704387664795,
                5.097660541534424,
                3.354452610015869,
                1.2669204473495483,
                1.1287003755569458,
                1.5611070394515991,
                0.7087782621383667,
                0.9165725111961365,
                0.8109312653541565
            ],
            "root_mean_squared_percentage_error": [
                2.590254068374634,
                1.768442153930664,
                1.0940616130828857,
                0.44027069211006165,
                0.40750518441200256,
                0.5353489518165588,
                0.24784719944000244,
                0.31378379464149475,
                0.28328442573547363
            ]
        },
        "combined": {
            "loss": [
                65.71757507324219,
                25.996816635131836,
                10.98009967803955,
                1.573083758354187,
                1.3106931447982788,
                2.3849174976348877,
                0.4917660355567932,
                0.8102431297302246,
                0.6706510782241821
            ]
        }
    },
    "validation": {
        "Close_next": {
            "loss": [
                47.697994232177734,
                28.836509704589844,
                3.4135777950286865,
                1.3799866437911987,
                3.126774549484253,
                0.4757443964481354,
                0.9037975072860718,
                0.503736138343811,
                0.48608559370040894
            ],
            "mean_absolute_error": [
                6.570889949798584,
                4.774014472961426,
                1.556113839149475,
                0.8859641551971436,
                1.5718575716018677,
                0.4981782138347626,
                0.8269448280334473,
                0.5885371565818787,
                0.58552485704422
            ],
            "mean_squared_error": [
                47.697994232177734,
                28.836509704589844,
                3.4135777950286865,
                1.3799866437911987,
                3.126774549484253,
                0.4757443964481354,
                0.9037975072860718,
                0.503736138343811,
                0.48608559370040894
            ],
            "r2": [
                -586.7974243164062,
                -354.36138916015625,
                -41.066593170166016,
                -16.006010055541992,
                -37.5322265625,
                -4.862748146057129,
                -10.137781143188477,
                -5.207699298858643,
                -4.990185737609863
            ],
            "root_mean_squared_error": [
                6.906373500823975,
                5.369963645935059,
                1.847586989402771,
                1.174728274345398,
                1.7682688236236572,
                0.6897422671318054,
                0.9506826400756836,
                0.7097437381744385,
                0.6971983909606934
            ],
            "root_mean_squared_percentage_error": [
                2.611011028289795,
                1.7984422445297241,
                0.6980894804000854,
                0.4273523688316345,
                0.6579674482345581,
                0.251491516828537,
                0.349454402923584,
                0.2616422772407532,
                0.2492474913597107
            ]
        },