{
    "evaluation_frequency": {
        "frequency": 1,
        "period": "epoch"
    },
    "test": {
        "Close_next": {
            "loss": [
                0.028923507779836655,
                0.039324354380369186,
                0.04905864596366882,
                0.02420845627784729,
                0.00980548094958067,
                0.005038741044700146,
                0.0100759482011199
            ],
            "mean_absolute_error": [
                0.13519062101840973,
                0.177646666765213,
                0.20588266849517822,
                0.13727401196956635,
                0.08363401889801025,
                0.057600364089012146,
                0.08913448452949524
            ],
            "mean_squared_error": [
                0.028923507779836655,
                0.039324354380369186,
                0.04905864596366882,
                0.02420845441520214,
                0.00980548094958067,
                0.005038741044700146,
                0.0100759482011199
            ],
            "r2": [
                0.6132817268371582,
                0.4742184281349182,
                0.3440672755241394,
                0.6763237714767456,
                0.868897020816803,
                0.9326301217079163,
                0.8652807474136353
            ],
            "root_mean_squared_error": [
                0.1700691282749176,
                0.1983036994934082,
                0.22149185836315155,
                0.15559066832065582,
                0.09902262687683105,
                0.07098408788442612,
                0.10037901997566223
            ],
            "root_mean_squared_percentage_error": [
                0.05656501650810242,
                0.07065741717815399,
                0.08078685402870178,
                0.05514649674296379,
                0.03641659393906593,
                0.025800611823797226,
                0.03603322431445122
            ]
        },
        "combined": {
            "loss": [
                0.02899932861328125,
                0.03934512287378311,
                0.049056269228458405,
                0.024199489504098892,
                0.009798013605177402,
                0.005035986192524433,
                0.010072335600852966
            ]
        }
    },
    "training": {
        "Close_next": {
            "loss": [
                1.7958811521530151,
                0.22200198471546173,
                0.1991155743598938,
                0.020349284633994102,
                0.013877063058316708,
                0.011099135503172874,
                0.010390564799308777
            ],
            "mean_absolute_error": [
                0.9906998872756958,
                0.3667317032814026,
                0.3750038743019104,
                0.11693993210792542,
                0.09811703115701675,
                0.08905937522649765,
                0.08533242344856262
            ],
            "mean_squared_error": [
                1.7958811521530151,
                0.22200198471546173,
                0.1991155743598938,
                0.020349284633994102,
                0.013877062126994133,
                0.011099136434495449,
                0.010390565730631351
            ],
            "r2": [
                -21.95681381225586,
                -1.8378384113311768,
                -1.5453391075134277,
                0.739870548248291,
                0.8226050734519958,
                0.8581182956695557,
                0.8671740889549255
            ],
            "root_mean_squared_error": [
                1.3401049375534058,
                0.4711708724498749,
                0.4462236762046814,
                0.14265091717243195,
                0.11780094355344772,
                0.10535243898630142,
                0.10193412750959396
            ],
            "root_mean_squared_percentage_error": [
                0.3516441881656647,
                0.14070139825344086,
                0.13429924845695496,
                0.04879813641309738,
                0.04174652695655823,
                0.038216449320316315,
                0.034945737570524216
            ]
        },
        "combined": {
            "loss": [
                1.7057358026504517,
                0.22477968037128448,
                0.18901455402374268,
                0.019680460914969444,
                0.013918737880885601,
                0.011490832082927227,
                0.010194296017289162
            ]
        }
    },
    "validation": {
        "Close_next": {
            "loss": [
                0.03218317776918411,
                0.04170567914843559,
                0.05080943554639816,
                0.023450292646884918,
                0.009984039701521397,
                0.0051664686761796474,
                0.01002376526594162
            ],
            "mean_absolute_error": [
                0.14180554449558258,
                0.1826069951057434,
                0.2099515050649643,
                0.13504841923713684,
                0.08457929641008377,
                0.05857473239302635,
                0.08798792958259583
            ],
            "mean_squared_error": [
                0.03218317776918411,
                0.04170567914843559,
                0.05080943554639816,
                0.023450292646884918,
                0.009984039701521397,
                0.0051664686761796474,
                0.01002376526594162
            ],
            "r2": [
                0.6033965945243835,
                0.48604780435562134,
                0.37385934591293335,
                0.7110146284103394,
                0.8769635558128357,
                0.9363319873809814,
                0.8764739632606506
            ],
            "root_mean_squared_error": [
                0.17939670383930206,
                0.20421968400478363,
                0.22540947794914246,
                0.15313488245010376,
                0.09992016851902008,
                0.07187815010547638,
                0.10011875629425049
            ],
            "root_mean_squared_percentage_error": [
                0.05909450724720955,
                0.07218937575817108,
                0.08177749067544937,
                0.05437735468149185,
                0.03637831658124924,
                0.026205915957689285,
                0.03554846718907356
            ]
        },
        "combined": {
            "loss": [
                0.03218317776918411,
                0.04170567914843559,
                0.05080943554639816,
                0.023450292646884918,
                0.009984039701521397,
                0.0051664686761796474,
                0.01002376526594162
            ]
        }
    }
}