{
    "evaluation_frequency": {
        "frequency": 1,
        "period": "epoch"
    },
    "test": {
        "Close_next": {
            "loss": [
                0.02755923941731453,
                0.04604276642203331,
                0.08890954405069351,
                0.006401757709681988,
                0.04204852133989334,
                1.2785593271255493,
                0.835573136806488,
                0.4601391553878784,
                0.009505508467555046
            ],
            "mean_absolute_error": [
                0.13182030618190765,
                0.19480155408382416,
                0.2860357165336609,
                0.06412697583436966,
                0.19025574624538422,
                1.123276948928833,
                0.912324070930481,
                0.6761829853057861,
                0.08367761224508286
            ],
            "mean_squared_error": [
                0.02755923941731453,
                0.04604276642203331,
                0.08890954405069351,
                0.006401757709681988,
                0.04204852133989334,
                1.2785593271255493,
                0.835573136806488,
                0.46013912558555603,
                0.009505508467555046
            ],
            "r2": [
                0.631522536277771,
                0.3843907117843628,
                -0.18875443935394287,
                0.9144060611724854,
                0.4377952814102173,
                -16.094823837280273,
                -10.171930313110352,
                -5.15223503112793,
                0.8729077577590942
            ],
            "root_mean_squared_error": [
                0.16600975394248962,
                0.21457578241825104,
                0.298177033662796,
                0.08001098781824112,
                0.20505736768245697,
                1.1307339668273926,
                0.9140968918800354,
                0.6783355474472046,
                0.09749619662761688
            ],
            "root_mean_squared_percentage_error": [
                0.05522042512893677,
                0.07677677273750305,
                0.10855451226234436,
                0.029659446328878403,
                0.07170908153057098,
                0.40263456106185913,
                0.3307960629463196,
                0.2456672489643097,
                0.03597980737686157
            ]
        },
        "combined": {
            "loss": [
                0.027634747326374054,
                0.04606183245778084,
                0.08890572935342789,
                0.0063905371353030205,
                0.04206569865345955,
                1.2786756753921509,
                0.8356082439422607,
                0.46016526222229004,
                0.00950910896062851
            ]
        }
    },
    "training": {
        "Close_next": {
            "loss": [
                1.778817057609558,
                0.20628656446933746,
                0.183905228972435,
                0.16787205636501312,
                0.2442275583744049,
                0.4007795751094818,
                0.8034985661506653,
                0.2383526861667633,
                0.18977056443691254
            ],
            "mean_absolute_error": [
                0.9846978783607483,
                0.3566650152206421,
                0.37072837352752686,
                0.34037113189697266,
                0.40508607029914856,
                0.5534665584564209,
                0.8335990309715271,
                0.4067833125591278,
                0.38330039381980896
            ],
            "mean_squared_error": [
                1.778816819190979,
                0.20628654956817627,
                0.183905228972435,
                0.16787204146385193,
                0.2442275434732437,
                0.4007795453071594,
                0.8034984469413757,
                0.2383526861667633,
                0.18977056443691254
            ],
            "r2": [
                -21.738679885864258,
                -1.636949062347412,
                -1.3509190082550049,
                -1.14597749710083,
                -2.12196946144104,
                -4.123141765594482,
                -9.271377563476562,
                -2.046848773956299,
                -1.4258975982666016
            ],
            "root_mean_squared_error": [
                1.3337229490280151,
                0.4541877806186676,
                0.4288417398929596,
                0.40972191095352173,
                0.49419382214546204,
                0.6330715417861938,
                0.8963807225227356,
                0.48821377754211426,
                0.4356266260147095
            ],
            "root_mean_squared_percentage_error": [
                0.35022470355033875,
                0.13720421493053436,
                0.13401581346988678,
                0.1250361204147339,
                0.1536443531513214,
                0.20589742064476013,
                0.3060569167137146,
                0.15002818405628204,
                0.1340540200471878
            ]
        },
        "combined": {
            "loss": [
                1.6894323825836182,
                0.2090015560388565,
                0.17546077072620392,
                0.16189555823802948,
                0.25463542342185974,
                0.40726736187934875,
                0.8210955858230591,
                0.23690316081047058,
                0.1797388345003128
            ]
        }
    },
    "validation": {
        "Close_next": {
            "loss": [
                0.030683856457471848,
                0.04850151389837265,
                0.09126028418540955,
                0.00623314967378974,
                0.0433032400906086,
                1.2842400074005127,
                0.8366376757621765,
                0.4612542390823364,
                0.00981077179312706
            ],
            "mean_absolute_error": [
                0.13823848962783813,
                0.20002944767475128,
                0.2900601923465729,
                0.06284178048372269,
                0.19183465838432312,
                1.1247828006744385,
                0.9129210114479065,
                0.6769911050796509,
                0.08529292047023773
            ],
            "mean_squared_error": [
                0.030683856457471848,
                0.04850151389837265,
                0.09126028418540955,
                0.00623314967378974,
                0.0433032400906086,
                1.2842400074005127,
                0.8366376757621765,
                0.4612542390823364,
                0.00981077179312706
            ],
            "r2": [
                0.621873140335083,
                0.40230053663253784,
                -0.12462925910949707,
                0.9231868982315063,
                0.46636050939559937,
                -14.826093673706055,
                -9.310150146484375,
                -4.684181213378906,
                0.8790987730026245
            ],
            "root_mean_squared_error": [
                0.17516808211803436,
                0.2202305942773819,
                0.30209317803382874,
                0.07895030081272125,
                0.2080942988395691,
                1.1332430839538574,
                0.9146789908409119,
                0.679157018661499,
                0.09904933720827103
            ],
            "root_mean_squared_percentage_error": [
                0.05769381299614906,
                0.07823501527309418,
                0.1095532476902008,
                0.029182076454162598,
                0.07218025624752045,
                0.4025314450263977,
                0.3311814069747925,
                0.24616719782352448,
                0.036695320159196854
            ]
        },