{
    "evaluation_frequency": {
        "frequency": 1,
        "period": "epoch"
    },
    "test": {
        "Close_next": {
            "loss": [
                5.832388401031494,
                0.27821141481399536,
                2.3611130714416504,
                0.10299165546894073,
                0.3196597397327423,
                0.04299183934926987,
                0.139703169465065,
                0.050691377371549606,
                0.04578429460525513,
                0.033319275826215744,
                0.03923499956727028
            ],
            "mean_absolute_error": [
                2.2599377632141113,
                0.3886703550815582,
                1.5170444250106812,
                0.24111592769622803,
                0.5206325650215149,
                0.15410342812538147,
                0.33570370078086853,
                0.16893479228019714,
                0.1622065305709839,
                0.1390562653541565,
                0.1674729585647583
            ],
            "mean_squared_error": [
                5.8323869705200195,
                0.2782113254070282,
                2.3611133098602295,
                0.10299161821603775,
                0.3196598291397095,
                0.04299183562397957,
                0.1397031545639038,
                0.05069136992096901,
                0.04578430578112602,
                0.033319275826215744,
                0.03923499584197998
            ],
            "r2": [
                -76.98070526123047,
                -2.7197659015655518,
                -30.568767547607422,
                -0.37702786922454834,
                -3.27394437789917,
                0.4251866936683655,
                -0.8678717613220215,
                0.3222416639328003,
                0.3878505229949951,
                0.5545116662979126,
                0.47541671991348267
            ],
            "root_mean_squared_error": [
                2.4150335788726807,
                0.5274574160575867,
                1.5365914106369019,
                0.3209230601787567,
                0.5653846859931946,
                0.20734472572803497,
                0.3737688660621643,
                0.22514744102954865,
                0.21397267282009125,
                0.18253567814826965,
                0.19807825982570648
            ],
            "root_mean_squared_percentage_error": [
                0.9102118015289307,
                0.18053793907165527,
                0.5511705875396729,
                0.11099062114953995,
                0.20689021050930023,
                0.07093264907598495,
                0.1319044530391693,
                0.07685263454914093,
                0.07330220937728882,
                0.06376855820417404,
                0.07215800881385803
            ]
        },
        "combined": {
            "loss": [
                5.834932327270508,
                0.2804771065711975,
                2.358947515487671,
                0.10323212295770645,
                0.3191535770893097,
                0.043026119470596313,
                0.13947494328022003,
                0.050559744238853455,
                0.0456417053937912,
                0.03321258723735809,
                0.0392901785671711
            ]
        }
    },
    "training": {
        "Close_next": {
            "loss": [
                11.024142265319824,
                0.8893011808395386,
                0.4294653832912445,
                2.6498217582702637,
                0.24571335315704346,
                0.31210312247276306,
                0.26954126358032227,
                0.42154914140701294,
                0.08439009636640549,
                0.18248029053211212,
                0.15619592368602753
            ],
            "mean_absolute_error": [
                1.5096046924591064,
                0.7427924275398254,
                0.5111259818077087,
                1.0334607362747192,
                0.3942859172821045,
                0.43507423996925354,
                0.40135595202445984,
                0.5137366056442261,
                0.22435104846954346,
                0.3206818699836731,
                0.2890610992908478
            ],
            "mean_squared_error": [
                11.024140357971191,
                0.889301061630249,
                0.4294652044773102,
                2.6498215198516846,
                0.24571332335472107,
                0.3121033012866974,
                0.26954150199890137,
                0.4215492606163025,
                0.0843900740146637,
                0.18248020112514496,
                0.1561962068080902
            ],
            "r2": [
                -139.9230194091797,
                -10.368135452270508,
                -4.489586353302002,
                -32.8740119934082,
                -2.140638589859009,
                -2.9897453784942627,
                -2.4456350803375244,
                -4.3889570236206055,
                -0.07876145839691162,
                -1.332547903060913,
                -0.9965587854385376
            ],
            "root_mean_squared_error": [
                3.3202621936798096,
                0.9430276155471802,
                0.6553359627723694,
                1.6278272867202759,
                0.4956947863101959,
                0.5586620569229126,
                0.5191738605499268,
                0.6492682695388794,
                0.2904996871948242,
                0.4271770119667053,
                0.3952166438102722
            ],
            "root_mean_squared_percentage_error": [
                0.5869638919830322,
                0.29717355966567993,
                0.20076628029346466,
                0.40438100695610046,
                0.15865878760814667,
                0.17784245312213898,
                0.1611994057893753,
                0.2089308798313141,
                0.09620454162359238,
                0.13478325307369232,
                0.12264926731586456
            ]
        },
        "combined": {
            "loss": [
                11.022228240966797,
                0.889123260974884,
                0.42989858984947205,
                2.64913010597229,
                0.24568122625350952,
                0.31203147768974304,
                0.2694771885871887,
                0.4214641749858856,
                0.08437773585319519,
                0.18243491649627686,
                0.15615561604499817
            ]
        }
    },
    "validation": {
        "Close_next": {
            "loss": [
                6.059266567230225,
                0.28509533405303955,
                2.360377550125122,
                0.10334812849760056,
                0.3177337944507599,
                0.036742664873600006,
                0.1487351655960083,
                0.055313218384981155,
                0.04237153381109238,
                0.03682899475097656,
                0.04220559820532799
            ],
            "mean_absolute_error": [
                2.2763609886169434,
                0.38361048698425293,
                1.5158172845840454,
                0.23620064556598663,
                0.5221709609031677,
                0.14609168469905853,
                0.3375886380672455,
                0.1736968755722046,
                0.15938429534435272,
                0.14474207162857056,
                0.16974812746047974
            ],
            "mean_squared_error": [
                6.059267044067383,
                0.2850952744483948,
                2.360377073287964,
                0.10334808379411697,
                0.31773367524147034,
                0.03674264997243881,
                0.14873521029949188,
                0.05531320720911026,
                0.04237153008580208,
                0.036828991025686264,
                0.04220558702945709
            ],