{
    "batch_size": 512,
    "best_eval_metric_checkpoint_number": 1,
    "best_eval_metric_epoch": 0,
    "best_eval_metric_steps": 7,
    "best_eval_metric_value": 0.04143230989575386,
    "best_eval_test_metrics": {
        "Close_next": {
            "loss": 0.0375911220908165,
            "mean_absolute_error": 0.15637323260307312,
            "mean_squared_error": 0.0375911220908165,
            "r2": 0.4973924160003662,
            "root_mean_squared_error": 0.19388429820537567,
            "root_mean_squared_percentage_error": 0.06458084285259247
        },
        "combined": {
            "loss": 0.03767479583621025
        }
    },
    "best_eval_train_metrics": {
        "Close_next": {
            "loss": 1.7986749410629272,
            "mean_absolute_error": 0.9886060953140259,
            "mean_squared_error": 1.7986749410629272,
            "r2": -21.99252700805664,
            "root_mean_squared_error": 1.3411468267440796,
            "root_mean_squared_percentage_error": 0.3498704135417938
        },
        "combined": {
            "loss": 1.7075659036636353
        }
    },
    "best_eval_validation_metrics": {
        "Close_next": {
            "loss": 0.04143230989575386,
            "mean_absolute_error": 0.16267652809619904,
            "mean_squared_error": 0.04143230989575386,
            "r2": 0.48941659927368164,
            "root_mean_squared_error": 0.20354928076267242,
            "root_mean_squared_percentage_error": 0.06718527525663376
        },
        "combined": {
            "loss": 0.04143230989575386
        }
    },
    "best_increase_batch_size_eval_metric": Infinity,
    "checkpoint_number": 6,
    "epoch": 6,
    "last_improvement_steps": 35,
    "last_increase_batch_size": 0,
    "last_increase_batch_size_eval_metric_improvement": 0,
    "last_increase_batch_size_steps": 0,
    "last_learning_rate_reduction": 0,
    "last_learning_rate_reduction_steps": 0,
    "learning_rate": 0.001,
    "num_increases_batch_size": 0,
    "num_reductions_learning_rate": 0,
    "steps": 42,
    "test_metrics": {
        "Close_next": {
            "loss": [
                [
                    0,
                    7,
                    0.0375911220908165
                ],
                [
                    1,
                    14,
                    0.32949206233024597
                ],
                [
                    2,
                    21,
                    0.8338747620582581
                ],
                [
                    3,
                    28,
                    2.2940187454223633
                ],
                [
                    4,
                    35,
                    1.3997290134429932
                ],
                [
                    5,
                    42,
                    0.21293871104717255
                ]
            ],
            "mean_absolute_error": [
                [
                    0,
                    7,
                    0.15637323260307312
                ],
                [
                    1,
                    14,
                    0.5661939382553101
                ],
                [
                    2,
                    21,
                    0.9096771478652954
                ],
                [
                    3,
                    28,
                    1.5071635246276855
                ],
                [
                    4,
                    35,
                    1.1805872917175293
                ],
                [
                    5,
                    42,
                    0.4567612111568451
                ]
            ],
            "mean_squared_error": [
                [
                    0,
                    7,
                    0.0375911220908165
                ],
                [
                    1,
                    14,
                    0.32949206233024597
                ],
                [
                    2,
                    21,
                    0.8338747620582581
                ],
                [
                    3,
                    28,
                    2.2940187454223633
                ],
                [
                    4,
                    35,
                    1.3997290134429932
                ],
                [
                    5,
                    42,
                    0.21293871104717255
                ]
            ],
            "r2": [
                [
                    0,
                    7,
                    0.4973924160003662
                ],
                [
                    1,
                    14,
                    -3.4054341316223145
                ],
                [
                    2,
                    21,
                    -10.149222373962402
                ],
                [
                    3,
                    28,
                    -29.671899795532227
                ],
                [
                    4,
                    35,
                    -17.714908599853516
                ],
                [
                    5,
                    42,
                    -1.8470714092254639
                ]
            ],
            "root_mean_squared_error": [
                [
                    0,
                    7,
                    0.19388429820537567
                ],
                [
                    1,
                    14,
                    0.5740140080451965
                ],
                [
                    2,
                    21,
                    0.913167417049408
                ],
                [
                    3,
                    28,
                    1.5146018266677856
                ],
                [
                    4,
                    35,
                    1.1831014156341553
                ],
                [
                    5,
                    42,
                    0.46145281195640564
                ]
            ],
            "root_mean_squared_percentage_error": [
                [
                    0,
                    7,
                    0.06458084285259247
                ],
                [
                    1,
                    14,
                    0.20640495419502258
                ],
                [
                    2,
                    21,
                    0.3306436538696289
                ],
                [
                    3,
                    28,
                    0.540829062461853
                ],
                [
                    4,
                    35,
                    0.42702406644821167
                ],
                [
                    5,
                    42,
                    0.16816672682762146
                ]
            ]
        },
        "combined": {
            "loss": [
                [
                    0,
                    7,
                    0.03767479583621025
                ],
                [
                    1,
                    14,
                    0.3295283913612366
                ],
                [
                    2,
                    21,
                    0.833875298500061
                ],
                [
                    3,
                    28,
                    2.2941598892211914
                ],
                [
                    4,
                    35,
                    1.399745225906372
                ],
                [
                    5,
                    42,
                    0.2129187285900116
                ]
            ]
        }
    },