{
    "evaluation_frequency": {
        "frequency": 1,
        "period": "epoch"
    },
    "test": {
        "Close_next": {
            "loss": [
                0.03239138051867485,
                0.00848290417343378,
                2.100715398788452,
                2.2039248943328857,
                0.05888868123292923,
                0.3449201285839081,
                0.028536425903439522
            ],
            "mean_absolute_error": [
                0.14372265338897705,
                0.07345979660749435,
                1.441886305809021,
                1.481588363647461,
                0.23064403235912323,
                0.5834686160087585,
                0.15434835851192474
            ],
            "mean_squared_error": [
                0.03239138051867485,
                0.00848290417343378,
                2.100715398788452,
                2.2039248943328857,
                0.05888868123292923,
                0.3449201285839081,
                0.02853642776608467
            ],
            "r2": [
                0.5669149160385132,
                0.8865803480148315,
                -27.08736228942871,
                -28.467313766479492,
                0.21263593435287476,
                -3.61171293258667,
                0.6184571385383606
            ],
            "root_mean_squared_error": [
                0.17997606098651886,
                0.09210268408060074,
                1.4493844509124756,
                1.4845621585845947,
                0.24266989529132843,
                0.5872989892959595,
                0.16892728209495544
            ],
            "root_mean_squared_percentage_error": [
                0.05988224595785141,
                0.034025050699710846,
                0.5176928043365479,
                0.5350901484489441,
                0.0898846983909607,
                0.21323832869529724,
                0.0595407634973526
            ]
        },
        "combined": {
            "loss": [
                0.03247018903493881,
                0.008483301848173141,
                2.1008424758911133,
                2.203956127166748,
                0.05886078625917435,
                0.3448854684829712,
                0.02853502333164215
            ]
        }
    },
    "training": {
        "Close_next": {
            "loss": [
                1.8012291193008423,
                0.2896214723587036,
                1.0856032371520996,
                1.4201197624206543,
                0.7210441827774048,
                0.07659949362277985,
                0.36211156845092773
            ],
            "mean_absolute_error": [
                0.9901974201202393,
                0.4107058644294739,
                0.883047342300415,
                1.0942569971084595,
                0.6967558860778809,
                0.24046878516674042,
                0.5472072958946228
            ],
            "mean_squared_error": [
                1.8012291193008423,
                0.2896214723587036,
                1.0856032371520996,
                1.4201195240020752,
                0.7210441827774048,
                0.07659950107336044,
                0.3621115982532501
            ],
            "r2": [
                -22.025684356689453,
                -2.702241897583008,
                -12.87730598449707,
                -17.15370750427246,
                -8.217133522033691,
                0.020811378955841064,
                -3.6288857460021973
            ],
            "root_mean_squared_error": [
                1.3420988321304321,
                0.5381649136543274,
                1.0419228076934814,
                1.1916877031326294,
                0.8491432070732117,
                0.2767661511898041,
                0.6017571091651917
            ],
            "root_mean_squared_percentage_error": [
                0.351231187582016,
                0.1590854376554489,
                0.3210044503211975,
                0.4007171094417572,
                0.2452675849199295,
                0.09578976780176163,
                0.20021720230579376
            ]
        },
        "combined": {
            "loss": [
                1.7103179693222046,
                0.29930946230888367,
                1.0699412822723389,
                1.441466212272644,
                0.6860905885696411,
                0.08313318341970444,
                0.3618691861629486
            ]
        }
    },
    "validation": {
        "Close_next": {
            "loss": [
                0.035869844257831573,
                0.008364253677427769,
                2.0952916145324707,
                2.214690923690796,
                0.05948927253484726,
                0.34652313590049744,
                0.02831079810857773
            ],
            "mean_absolute_error": [
                0.1503005176782608,
                0.07285283505916595,
                1.4400240182876587,
                1.4849013090133667,
                0.23232685029506683,
                0.5847883820533752,
                0.15414917469024658
            ],
            "mean_squared_error": [
                0.035869844257831573,
                0.008364253677427769,
                2.0952916145324707,
                2.214690923690796,
                0.05948927253484726,
                0.34652313590049744,
                0.02831079810857773
            ],
            "r2": [
                0.5579646229743958,
                0.8969246745109558,
                -24.820938110351562,
                -26.292333602905273,
                0.2668949365615845,
                -3.2703137397766113,
                0.6511170864105225
            ],
            "root_mean_squared_error": [
                0.18939335644245148,
                0.09145629405975342,
                1.4475122690200806,
                1.4881837368011475,
                0.2439042329788208,
                0.5886621475219727,
                0.16825813055038452
            ],
            "root_mean_squared_percentage_error": [
                0.06243069842457771,
                0.03359726816415787,
                0.5166276693344116,
                0.5356805920600891,
                0.09011012315750122,
                0.21336615085601807,
                0.05939895287156105
            ]
        },
        "combined": {
            "loss": [
                0.035869844257831573,
                0.008364253677427769,
                2.0952916145324707,
                2.214690923690796,
                0.05948927253484726,
                0.34652313590049744,
                0.02831079810857773
            ]
        }
    }
}