{
    "evaluation_frequency": {
        "frequency": 1,
        "period": "epoch"
    },
    "test": {
        "Seattle_next": {
            "loss": [
                17.464040756225586,
                16.529926300048828,
                91.91190338134766,
                0.07677615433931351,
                1.5211589336395264,
                1.3736815452575684,
                3.3880233764648438,
                2.2067995071411133,
                2.983585834503174
            ],
            "mean_absolute_error": [
                4.169079780578613,
                4.05928897857666,
                9.582221031188965,
                0.24640749394893646,
                1.2244089841842651,
                1.1633650064468384,
                1.8348863124847412,
                1.4821863174438477,
                1.7233898639678955
            ],
            "mean_squared_error": [
                17.464040756225586,
                16.529937744140625,
                91.91182708740234,
                0.07677610218524933,
                1.5211604833602905,
                1.3736802339553833,
                3.3880209922790527,
                2.2067978382110596,
                2.9835851192474365
            ],
            "r2": [
                0.5883439779281616,
                0.6103622913360596,
                -1.1665122509002686,
                0.9981902837753296,
                0.9641437530517578,
                0.9676201343536377,
                0.9201387763023376,
                0.9479821920394897,
                0.9296720027923584
            ],
            "root_mean_squared_error": [
                4.178999900817871,
                4.065702438354492,
                9.587065696716309,
                0.27708500623703003,
                1.2333533763885498,
                1.1720410585403442,
                1.8406577110290527,
                1.4855294227600098,
                1.7273057699203491
            ],
            "root_mean_squared_percentage_error": [
                0.014661837369203568,
                0.014280750416219234,
                0.033694978803396225,
                0.0009766394505277276,
                0.004325403831899166,
                0.004110428970307112,
                0.006463284138590097,
                0.005227975081652403,
                0.0060672517865896225
            ]
        },
        "combined": {
            "loss": [
                17.46354866027832,
                16.529815673828125,
                91.91100311279297,
                0.07676389813423157,
                1.521190881729126,
                1.373709797859192,
                3.388045072555542,
                2.2067387104034424,
                2.983562707901001
            ]
        }
    },
    "training": {
        "Seattle_next": {
            "loss": [
                212.36630249023438,
                12.191278457641602,
                8.087240219116211,
                4.747292995452881,
                2.2312352657318115,
                1.2710497379302979,
                3.9999921321868896,
                3.9407453536987305,
                2.103341817855835
            ],
            "mean_absolute_error": [
                8.871927261352539,
                2.6293294429779053,
                2.23123836517334,
                1.6266701221466064,
                1.1671149730682373,
                0.9512758851051331,
                1.5119823217391968,
                1.5554978847503662,
                1.1136573553085327
            ],
            "mean_squared_error": [
                212.3657684326172,
                12.191316604614258,
                8.087239265441895,
                4.747306823730469,
                2.2312326431274414,
                1.2710518836975098,
                3.9999990463256836,
                3.940748453140259,
                2.1033387184143066
            ],
            "r2": [
                -3.660153388977051,
                0.7328528165817261,
                0.823098361492157,
                0.8961382508277893,
                0.951228141784668,
                0.9721574187278748,
                0.9121617078781128,
                0.9136620163917542,
                0.953819751739502
            ],
            "root_mean_squared_error": [
                14.572774887084961,
                3.4916067123413086,
                2.8438072204589844,
                2.1788315773010254,
                1.493731141090393,
                1.1274093389511108,
                1.999999761581421,
                1.985131859779358,
                1.4502891302108765
            ],
            "root_mean_squared_percentage_error": [
                13.580674171447754,
                17.961288452148438,
                10.727800369262695,
                26.963844299316406,
                12.88679313659668,
                2.405247449874878,
                5.342451572418213,
                12.340780258178711,
                9.880154609680176
            ]
        },
        "combined": {
            "loss": [
                212.35240173339844,
                12.191304206848145,
                8.093550682067871,
                4.747015476226807,
                2.2312023639678955,
                1.271064043045044,
                3.9999032020568848,
                3.9406399726867676,
                2.103574514389038
            ]
        }
    },
    "validation": {
        "Seattle_next": {
            "loss": [
                17.406986236572266,
                16.509733200073242,
                91.83084106445312,
                0.07687132060527802,
                1.516048550605774,
                1.370365858078003,
                3.3814377784729004,
                2.208364963531494,
                2.979590892791748
            ],
            "mean_absolute_error": [
                4.162234783172607,
                4.056929111480713,
                9.577990531921387,
                0.2470313012599945,
                1.2223289012908936,
                1.161866545677185,
                1.8331212997436523,
                1.482715368270874,
                1.722359538078308
            ],
            "mean_squared_error": [
                17.4069766998291,
                16.509735107421875,
                91.83078002929688,
                0.07687132805585861,
                1.5160481929779053,
                1.370365023612976,
                3.3814332485198975,
                2.2083654403686523,
                2.9795846939086914
            ],
            "r2": [
                0.591391921043396,
                0.6124535799026489,
                -1.155618667602539,
                0.9981955289840698,
                0.9644125699996948,
                0.9678323268890381,
                0.920624852180481,
                0.948161244392395,
                0.9300577640533447
            ],
            "root_mean_squared_error": [
                4.17216682434082,
                4.0632171630859375,
                9.58283805847168,
                0.2772567868232727,
                1.2312791347503662,
                1.170625925064087,
                1.838867425918579,
                1.4860570430755615,
                1.7261474132537842
            ],
            "root_mean_squared_percentage_error": [
                0.014643167145550251,
                0.014277230948209763,
                0.03369205817580223,
                0.0009770498145371675,
                0.004319409374147654,
                0.004106706473976374,
                0.00645946292206645,
                0.00523154204711318,
                0.006065595895051956
            ]
        },