{
    "evaluation_frequency": {
        "frequency": 1,
        "period": "epoch"
    },
    "test": {
        "Close": {
            "loss": [
                10463.2607421875,
                379.8441467285156,
                0.02038557082414627,
                0.0060074711218476295,
                0.01993580348789692,
                0.01733274757862091,
                0.0016014499124139547,
                0.008341883309185505,
                0.015329895541071892,
                0.03341914340853691,
                0.009589049965143204,
                0.0026686755008995533
            ],
            "mean_absolute_error": [
                102.28939819335938,
                19.479999542236328,
                0.11083050817251205,
                0.06381215155124664,
                0.13382934033870697,
                0.12782129645347595,
                0.032161496579647064,
                0.08722204715013504,
                0.12111343443393707,
                0.17782527208328247,
                0.09476988017559052,
                0.04715660214424133
            ],
            "mean_squared_error": [
                10463.2578125,
                379.8442077636719,
                0.02038557641208172,
                0.006007470656186342,
                0.019935814663767815,
                0.01733275130391121,
                0.0016014501452445984,
                0.008341883309185505,
                0.015329896472394466,
                0.033419135957956314,
                0.00958904717117548,
                0.0026686759665608406
            ],
            "r2": [
                -139901.453125,
                -5077.83251953125,
                0.7274278998374939,
                0.9196751117706299,
                0.7334415912628174,
                0.7682467103004456,
                0.97858726978302,
                0.8884620666503906,
                0.7950265407562256,
                0.5531584024429321,
                0.8717864751815796,
                0.9643175601959229
            ],
            "root_mean_squared_error": [
                102.29006958007812,
                19.489591598510742,
                0.14277806878089905,
                0.0775078758597374,
                0.14119423925876617,
                0.13165390491485596,
                0.040018122643232346,
                0.09133391082286835,
                0.12381395697593689,
                0.1828090101480484,
                0.09792368113994598,
                0.0516592301428318
            ],
            "root_mean_squared_percentage_error": [
                37.11756896972656,
                7.083764553070068,
                0.051714297384023666,
                0.027621528133749962,
                0.05119946599006653,
                0.04797009006142616,
                0.014529646374285221,
                0.032913342118263245,
                0.045037973672151566,
                0.0657675564289093,
                0.035251446068286896,
                0.018791163340210915
            ]
        },
        "combined": {
            "loss": [
                10463.2421875,
                379.8236389160156,
                0.020580945536494255,
                0.006161957047879696,
                0.019818579778075218,
                0.017415260896086693,
                0.001586815225891769,
                0.008296726271510124,
                0.015381831675767899,
                0.03337377682328224,
                0.009627758525311947,
                0.0026773212011903524
            ]
        }
    },
    "training": {
        "Close": {
            "loss": [
                27440.798828125,
                3944.178955078125,
                41.73785400390625,
                0.017945531755685806,
                0.010139954276382923,
                0.014360099099576473,
                0.013560422696173191,
                0.013184785842895508,
                0.013347246684134007,
                0.013584986329078674,
                0.01048215851187706,
                0.009125887416303158
            ],
            "mean_absolute_error": [
                161.66168212890625,
                58.05659866333008,
                3.4766387939453125,
                0.1047578752040863,
                0.07982584834098816,
                0.10677692294120789,
                0.10524273663759232,
                0.10367058217525482,
                0.10425808280706406,
                0.1039576455950737,
                0.0849914625287056,
                0.07695204019546509
            ],
            "mean_squared_error": [
                27440.81640625,
                3944.178955078125,
                41.73789596557617,
                0.017945533618330956,
                0.010139953345060349,
                0.014360099099576473,
                0.013560430146753788,
                0.013184789568185806,
                0.01334725134074688,
                0.013584991917014122,
                0.01048214454203844,
                0.009125887416303158
            ],
            "r2": [
                -350788.875,
                -50417.2109375,
                -532.501708984375,
                0.770613431930542,
                0.8703719973564148,
                0.8164397478103638,
                0.8266501426696777,
                0.8314633369445801,
                0.8293790817260742,
                0.8263387084007263,
                0.8659985065460205,
                0.8833469152450562
            ],
            "root_mean_squared_error": [
                165.65269470214844,
                62.80270004272461,
                6.460487365722656,
                0.13396094739437103,
                0.1006973385810852,
                0.11983363330364227,
                0.1164492592215538,
                0.114825040102005,
                0.11553030461072922,
                0.11655467003583908,
                0.1023823469877243,
                0.09552951157093048
            ],
            "root_mean_squared_percentage_error": [
                58.80461502075195,
                21.129276275634766,
                1.292129635810852,
                0.04487010836601257,
                0.03349114954471588,
                0.040705304592847824,
                0.03967304900288582,
                0.03903556615114212,
                0.03907446563243866,
                0.0391450859606266,
                0.03286256268620491,
                0.029640763998031616
            ]
        },
        "combined": {
            "loss": [
                27435.87109375,
                3943.13525390625,
                41.72559356689453,
                0.017942408099770546,
                0.010142228566110134,
                0.014364860020577908,
                0.013559818267822266,
                0.013181434944272041,
                0.013344764709472656,
                0.013589946553111076,
                0.010485243052244186,
                0.00912341009825468
            ]
        }
    },
    "validation": {
        "Close": {
            "loss": [
                10464.82421875,
                380.89044189453125,
                0.021531442180275917,
                0.006420782767236233,
                0.018357886001467705,
                0.017910411581397057,
                0.0015645542880520225,
                0.007945194840431213,
                0.01604301482439041,
                0.032232217490673065,
                0.010161904618144035,
                0.0028009675443172455
            ],