{
    "evaluation_frequency": {
        "frequency": 1,
        "period": "epoch"
    },
    "test": {
        "Close_next": {
            "loss": [
                0.03915458545088768,
                0.05631248280405998,
                0.0693453997373581,
                0.02914845012128353,
                0.041351813822984695,
                0.004674573428928852,
                0.009372093714773655,
                0.006788883823901415,
                0.02227482758462429,
                0.003952597733587027
            ],
            "mean_absolute_error": [
                0.15973299741744995,
                0.2187507450580597,
                0.24587613344192505,
                0.15431378781795502,
                0.19236454367637634,
                0.05461907014250755,
                0.08471077680587769,
                0.07195120304822922,
                0.13701440393924713,
                0.04901064932346344
            ],
            "mean_squared_error": [
                0.03915458545088768,
                0.05631248280405998,
                0.0693453997373581,
                0.029148448258638382,
                0.041351813822984695,
                0.004674573428928852,
                0.00937209464609623,
                0.006788883823901415,
                0.02227482758462429,
                0.003952597733587027
            ],
            "r2": [
                0.4764883518218994,
                0.2470807433128357,
                0.07282567024230957,
                0.6102741956710815,
                0.44711053371429443,
                0.9374991655349731,
                0.8746915459632874,
                0.9092300534248352,
                0.7021770477294922,
                0.9471522569656372
            ],
            "root_mean_squared_error": [
                0.19787517189979553,
                0.2373025119304657,
                0.26333513855934143,
                0.1707291603088379,
                0.2033514529466629,
                0.06837084889411926,
                0.09680958092212677,
                0.08239468187093735,
                0.14924754202365875,
                0.06286969035863876
            ],
            "root_mean_squared_percentage_error": [
                0.06588836014270782,
                0.08486755192279816,
                0.09227145463228226,
                0.06377638876438141,
                0.07479701936244965,
                0.02487662248313427,
                0.034455932676792145,
                0.030392076820135117,
                0.051205798983573914,
                0.02086755633354187
            ]
        },
        "combined": {
            "loss": [
                0.03924058377742767,
                0.05630147457122803,
                0.0693354383111,
                0.029130056500434875,
                0.04133673757314682,
                0.00466994009912014,
                0.009370634332299232,
                0.006780461873859167,
                0.022283580154180527,
                0.00395265594124794
            ]
        }
    },
    "training": {
        "Close_next": {
            "loss": [
                1.7911360263824463,
                0.03369089961051941,
                0.2186758816242218,
                0.1609956920146942,
                0.1457531750202179,
                0.017529506236314774,
                0.011158540844917297,
                0.025550372898578644,
                0.02305407077074051,
                0.03131435066461563
            ],
            "mean_absolute_error": [
                0.9835540652275085,
                0.14831575751304626,
                0.3990662097930908,
                0.37193116545677185,
                0.31762224435806274,
                0.10956966131925583,
                0.08631084114313126,
                0.12697046995162964,
                0.1345839649438858,
                0.15961405634880066
            ],
            "mean_squared_error": [
                1.791135549545288,
                0.03369089588522911,
                0.2186758667230606,
                0.1609957069158554,
                0.1457531750202179,
                0.017529506236314774,
                0.011158540844917297,
                0.025550372898578644,
                0.02305406890809536,
                0.03131435066461563
            ],
            "r2": [
                -21.896320343017578,
                0.5693248510360718,
                -1.7953827381134033,
                -1.058014154434204,
                -0.8631956577301025,
                0.7759130597114563,
                0.8573578596115112,
                0.6733838319778442,
                0.7053011655807495,
                0.5997074842453003
            ],
            "root_mean_squared_error": [
                1.3383331298828125,
                0.18355080485343933,
                0.4676279127597809,
                0.4012427031993866,
                0.3817763328552246,
                0.1323990374803543,
                0.10563399642705917,
                0.15984484553337097,
                0.15183566510677338,
                0.1769586056470871
            ],
            "root_mean_squared_percentage_error": [
                0.34811529517173767,
                0.06035086512565613,
                0.14927399158477783,
                0.1375909000635147,
                0.11456239968538284,
                0.04526085779070854,
                0.03575275465846062,
                0.051347311586141586,
                0.05217636376619339,
                0.06252145022153854
            ]
        },
        "combined": {
            "loss": [
                1.699941873550415,
                0.03259578347206116,
                0.21869871020317078,
                0.16011585295200348,
                0.1384132355451584,
                0.017674442380666733,
                0.01092869695276022,
                0.027507690712809563,
                0.023407066240906715,
                0.03284383565187454
            ]
        }
    },
    "validation": {
        "Close_next": {
            "loss": [
                0.043132998049259186,
                0.054057031869888306,
                0.06774722784757614,
                0.0295916348695755,
                0.041756127029657364,
                0.004725368693470955,
                0.009492416866123676,
                0.0065000709146261215,
                0.02329847402870655,
                0.004170777276158333
            ],
            "mean_absolute_error": [
                0.16616584360599518,
                0.21399258077144623,
                0.24315252900123596,
                0.15631185472011566,
                0.19351446628570557,
                0.055023420602083206,
                0.08409246057271957,
                0.07005438208580017,
                0.1410747766494751,
                0.05040714144706726
            ],
            "mean_squared_error": [
                0.043132998049259186,
                0.054057031869888306,
                0.06774722784757614,
                0.0295916348695755,
                0.041756127029657364,
                0.004725368693470955,
                0.009492416866123676,
                0.0065000709146261215,
                0.02329847402870655,
                0.004170777276158333
            ],
            "r2": [
                0.46845847368240356,
                0.33383816480636597,
                0.16512960195541382,
                0.6353329420089722,
                0.485426127910614,
                0.9417678117752075,
                0.8830219507217407,
                0.9198975563049316,
                0.7128855586051941,
                0.9486021995544434
            ],