{
    "evaluation_frequency": {
        "frequency": 1,
        "period": "epoch"
    },
    "test": {
        "Close_next": {
            "loss": [
                0.034033093601465225,
                0.021320771425962448,
                0.7568747401237488,
                0.10001855343580246,
                0.2792665958404541,
                0.014368425123393536,
                0.01944398134946823,
                0.0037009681109339,
                0.03022892028093338,
                0.010560671798884869
            ],
            "mean_absolute_error": [
                0.1475427895784378,
                0.12404036521911621,
                0.855606198310852,
                0.30144667625427246,
                0.5247260332107544,
                0.10653842240571976,
                0.12822000682353973,
                0.04858319088816643,
                0.1669793576002121,
                0.09312312304973602
            ],
            "mean_squared_error": [
                0.03403310105204582,
                0.021320771425962448,
                0.7568747401237488,
                0.10001854598522186,
                0.2792665958404541,
                0.014368425123393536,
                0.01944398134946823,
                0.0037009681109339,
                0.03022892028093338,
                0.010560672730207443
            ],
            "r2": [
                0.5449645519256592,
                0.7149331569671631,
                -9.119702339172363,
                -0.3372858762741089,
                -2.733900547027588,
                0.8078886866569519,
                0.740026593208313,
                0.9505166411399841,
                0.5958278179168701,
                0.8587998151779175
            ],
            "root_mean_squared_error": [
                0.18448062241077423,
                0.14601634442806244,
                0.8699854612350464,
                0.3162570893764496,
                0.5284568071365356,
                0.11986836791038513,
                0.13944168388843536,
                0.0608355812728405,
                0.17386466264724731,
                0.10276513546705246
            ],
            "root_mean_squared_percentage_error": [
                0.061359819024801254,
                0.05096893012523651,
                0.3063967227935791,
                0.11887779831886292,
                0.19220390915870667,
                0.043072719126939774,
                0.05088178068399429,
                0.022355040535330772,
                0.06269972771406174,
                0.037421420216560364
            ]
        },
        "combined": {
            "loss": [
                0.034114379435777664,
                0.021305203437805176,
                0.7569541335105896,
                0.09997348487377167,
                0.2792399525642395,
                0.014366226270794868,
                0.019446365535259247,
                0.0037003709003329277,
                0.03022213652729988,
                0.010554092936217785
            ]
        }
    },
    "training": {
        "Close_next": {
            "loss": [
                1.792033076286316,
                0.09949466586112976,
                0.5534383654594421,
                0.23154427111148834,
                0.05813972279429436,
                0.10825897008180618,
                0.09331326931715012,
                0.035492997616529465,
                0.02502990886569023,
                0.02187051996588707
            ],
            "mean_absolute_error": [
                0.9883151054382324,
                0.23517917096614838,
                0.6593068838119507,
                0.3998805284500122,
                0.19399438798427582,
                0.30328842997550964,
                0.24517770111560822,
                0.1622392237186432,
                0.1258288472890854,
                0.13828463852405548
            ],
            "mean_squared_error": [
                1.7920331954956055,
                0.09949466586112976,
                0.5534383058547974,
                0.23154430091381073,
                0.05813971161842346,
                0.10825897753238678,
                0.09331324696540833,
                0.03549300134181976,
                0.025029905140399933,
                0.02187051996588707
            ],
            "r2": [
                -21.908132553100586,
                -0.27186262607574463,
                -6.0745697021484375,
                -1.9598174095153809,
                0.2567870020866394,
                -0.38389885425567627,
                -0.19284427165985107,
                0.5462850332260132,
                0.6800441741943359,
                0.7204283475875854
            ],
            "root_mean_squared_error": [
                1.3386684656143188,
                0.3154277503490448,
                0.7439343333244324,
                0.4811905026435852,
                0.2411217838525772,
                0.32902732491493225,
                0.30547216534614563,
                0.18839585781097412,
                0.158208429813385,
                0.14788684248924255
            ],
            "root_mean_squared_percentage_error": [
                0.351125568151474,
                0.09728490561246872,
                0.24665842950344086,
                0.14479760825634003,
                0.08170425891876221,
                0.11280342191457748,
                0.09057210385799408,
                0.06369216740131378,
                0.05042268708348274,
                0.05314646288752556
            ]
        },
        "combined": {
            "loss": [
                1.701918363571167,
                0.11135482788085938,
                0.5671929717063904,
                0.21994324028491974,
                0.06523513048887253,
                0.10840747505426407,
                0.09029031544923782,
                0.037225861102342606,
                0.025894129648804665,
                0.022161737084388733
            ]
        }
    },
    "validation": {
        "Close_next": {
            "loss": [
                0.03765253722667694,
                0.020183928310871124,
                0.754820704460144,
                0.1005648523569107,
                0.28054875135421753,
                0.014728417620062828,
                0.01956014335155487,
                0.003873370122164488,
                0.030122362077236176,
                0.010431436821818352
            ],
            "mean_absolute_error": [
                0.15403228998184204,
                0.11926578730344772,
                0.8542781472206116,
                0.30278682708740234,
                0.5259221792221069,
                0.10708288103342056,
                0.12808309495449066,
                0.05011489614844322,
                0.16614794731140137,
                0.09183668345212936
            ],
            "mean_squared_error": [
                0.03765253722667694,
                0.020183928310871124,
                0.754820704460144,
                0.1005648523569107,
                0.28054875135421753,
                0.014728417620062828,
                0.01956014335155487,
                0.003873370122164488,
                0.030122362077236176,
                0.010431436821818352
            ],
            "r2": [
                0.5359959602355957,
                0.7512670755386353,
                -8.30189323425293,
                -0.23929238319396973,
                -2.4572906494140625,
                0.8184970617294312,
                0.7589541673660278,
                0.9522672295570374,
                0.6287926435470581,
                0.8714501261711121
            ],