{
    "evaluation_frequency": {
        "frequency": 1,
        "period": "epoch"
    },
    "test": {
        "Close_next": {
            "loss": [
                0.03815389797091484,
                0.05982452258467674,
                1.4040305614471436,
                0.00841244775801897,
                0.04134977608919144,
                0.27996835112571716,
                0.10293399542570114,
                0.22692932188510895,
                0.006380538921803236,
                0.03999002277851105
            ],
            "mean_absolute_error": [
                0.15776318311691284,
                0.22809888422489166,
                1.1815569400787354,
                0.07593701034784317,
                0.19090789556503296,
                0.5251601338386536,
                0.31504398584365845,
                0.473482221364975,
                0.06822138279676437,
                0.19524317979812622
            ],
            "mean_squared_error": [
                0.03815389797091484,
                0.05982452630996704,
                1.404030442237854,
                0.00841244775801897,
                0.04134977608919144,
                0.27996835112571716,
                0.10293399542570114,
                0.22692933678627014,
                0.006380538921803236,
                0.03999001905322075
            ],
            "r2": [
                0.4898679256439209,
                0.2001233696937561,
                -17.77242088317871,
                0.8875223994255066,
                0.4471377730369568,
                -2.743283271789551,
                -0.37626659870147705,
                -2.0341315269470215,
                0.9146897792816162,
                0.4653182625770569
            ],
            "root_mean_squared_error": [
                0.19533023238182068,
                0.24459052085876465,
                1.18491792678833,
                0.09171939641237259,
                0.20334644615650177,
                0.5291203856468201,
                0.320833295583725,
                0.47637102007865906,
                0.07987827807664871,
                0.19997504353523254
            ],
            "root_mean_squared_percentage_error": [
                0.06509170681238174,
                0.08902433514595032,
                0.427829772233963,
                0.03290890157222748,
                0.0724635049700737,
                0.1904717981815338,
                0.11475475132465363,
                0.17156004905700684,
                0.02973456121981144,
                0.07294370979070663
            ]
        },
        "combined": {
            "loss": [
                0.038237810134887695,
                0.05982836335897446,
                1.4040592908859253,
                0.008395425044000149,
                0.04134737700223923,
                0.2799856662750244,
                0.10293176770210266,
                0.22691553831100464,
                0.0063717723824083805,
                0.03997480869293213
            ]
        }
    },
    "training": {
        "Close_next": {
            "loss": [
                1.794123888015747,
                0.11566861718893051,
                0.47499221563339233,
                0.3376554846763611,
                0.10238560289144516,
                0.07632964849472046,
                0.07950685173273087,
                0.22777460515499115,
                0.27956193685531616,
                0.028008215129375458
            ],
            "mean_absolute_error": [
                0.985413134098053,
                0.25811251997947693,
                0.5949914455413818,
                0.44189897179603577,
                0.24539579451084137,
                0.2529160976409912,
                0.2164902240037918,
                0.4162982106208801,
                0.47936055064201355,
                0.14073441922664642
            ],
            "mean_squared_error": [
                1.7941240072250366,
                0.11566862463951111,
                0.47499218583106995,
                0.33765551447868347,
                0.10238560289144516,
                0.07632964849472046,
                0.07950685918331146,
                0.22777463495731354,
                0.27956193685531616,
                0.028008220717310905
            ],
            "r2": [
                -21.93435287475586,
                -0.47859621047973633,
                -5.071976661682129,
                -3.316262722015381,
                -0.3087989091873169,
                0.024260997772216797,
                -0.01633155345916748,
                -1.911651372909546,
                -2.573650360107422,
                0.641972541809082
            ],
            "root_mean_squared_error": [
                1.339449167251587,
                0.3401009142398834,
                0.689196765422821,
                0.5810813307762146,
                0.3199774920940399,
                0.27627819776535034,
                0.2819696068763733,
                0.4772574007511139,
                0.5287361741065979,
                0.16735656559467316
            ],
            "root_mean_squared_percentage_error": [
                0.3488078713417053,
                0.10731761902570724,
                0.2305021435022354,
                0.16161993145942688,
                0.09559743106365204,
                0.0967196598649025,
                0.08378349244594574,
                0.14830131828784943,
                0.17318786680698395,
                0.051792778074741364
            ]
        },
        "combined": {
            "loss": [
                1.7032830715179443,
                0.13218314945697784,
                0.5316619277000427,
                0.3241288959980011,
                0.10314876586198807,
                0.0802200585603714,
                0.0810127928853035,
                0.21867378056049347,
                0.27504777908325195,
                0.02664143405854702
            ]
        }
    },
    "validation": {
        "Close_next": {
            "loss": [
                0.04204888269305229,
                0.0621669627726078,
                1.4142554998397827,
                0.008007805794477463,
                0.0408625565469265,
                0.2799622416496277,
                0.10312730073928833,
                0.22605407238006592,
                0.006136189680546522,
                0.03914070129394531
            ],
            "mean_absolute_error": [
                0.1640947312116623,
                0.2330404669046402,
                1.1856627464294434,
                0.07279793918132782,
                0.18993331491947174,
                0.5252556800842285,
                0.3147163689136505,
                0.4722381830215454,
                0.06682459264993668,
                0.19286233186721802
            ],
            "mean_squared_error": [
                0.04204888269305229,
                0.0621669627726078,
                1.4142554998397827,
                0.008007805794477463,
                0.0408625565469265,
                0.2799622416496277,
                0.10312730073928833,
                0.22605407238006592,
                0.006136189680546522,
                0.03914070129394531
            ],
            "r2": [
                0.48181837797164917,
                0.2338969111442566,
                -16.428316116333008,
                0.901317298412323,
                0.49643784761428833,
                -2.4500627517700195,
                -0.2708702087402344,
                -1.7857356071472168,
                0.9243817925453186,
                0.5176568031311035
            ],