{
    "evaluation_frequency": {
        "frequency": 1,
        "period": "epoch"
    },
    "test": {
        "Close_next": {
            "loss": [
                9.110708236694336,
                1.842513918876648,
                3.216338634490967,
                0.5627930164337158,
                2.324702501296997,
                3.3100435733795166,
                2.252251386642456,
                0.310665100812912,
                1.092642903327942,
                0.5831688642501831
            ],
            "mean_absolute_error": [
                2.5256471633911133,
                1.1792793273925781,
                1.5980536937713623,
                0.5559048056602478,
                1.4556233882904053,
                1.7527878284454346,
                1.442594289779663,
                0.4090217053890228,
                0.9689770340919495,
                0.5747555494308472
            ],
            "mean_squared_error": [
                9.110708236694336,
                1.8425137996673584,
                3.216338634490967,
                0.5627930164337158,
                2.324702501296997,
                3.3100435733795166,
                2.252251386642456,
                0.310665100812912,
                1.092642903327942,
                0.5831688642501831
            ],
            "r2": [
                -120.81362915039062,
                -23.635108947753906,
                -42.00366973876953,
                -6.52475643157959,
                -30.082155227661133,
                -43.25653839111328,
                -29.11345672607422,
                -3.15371036529541,
                -13.609050750732422,
                -6.797189235687256
            ],
            "root_mean_squared_error": [
                3.018394947052002,
                1.3573923110961914,
                1.7934153079986572,
                0.750195324420929,
                1.5246975421905518,
                1.8193525075912476,
                1.5007503032684326,
                0.5573734045028687,
                1.0452955961227417,
                0.7636549472808838
            ],
            "root_mean_squared_percentage_error": [
                1.0010974407196045,
                0.49928557872772217,
                0.6134840846061707,
                0.25217148661613464,
                0.5551353693008423,
                0.6740256547927856,
                0.5463124513626099,
                0.18977877497673035,
                0.37244558334350586,
                0.25186118483543396
            ]
        },
        "combined": {
            "loss": [
                9.10447883605957,
                1.8488411903381348,
                3.2270941734313965,
                0.5676543712615967,
                2.3328492641448975,
                3.319316864013672,
                2.260394811630249,
                0.3149830400943756,
                1.092814564704895,
                0.5849875211715698
            ]
        }
    },
    "training": {
        "Close_next": {
            "loss": [
                15.156792640686035,
                3.9222147464752197,
                3.489284038543701,
                3.567042112350464,
                1.0660691261291504,
                1.9975109100341797,
                1.5070867538452148,
                2.3135876655578613,
                0.3689707815647125,
                0.7518447041511536
            ],
            "mean_absolute_error": [
                3.0910019874572754,
                1.5392481088638306,
                1.5808566808700562,
                1.5945284366607666,
                0.8426119685173035,
                1.2221825122833252,
                1.005972146987915,
                1.3672198057174683,
                0.47086378931999207,
                0.7382753491401672
            ],
            "mean_squared_error": [
                15.15678882598877,
                3.9222147464752197,
                3.489284038543701,
                3.5670416355133057,
                1.0660691261291504,
                1.9975107908248901,
                1.5070867538452148,
                2.3135879039764404,
                0.3689707815647125,
                0.7518447041511536
            ],
            "r2": [
                -192.74978637695312,
                -49.137813568115234,
                -43.60462951660156,
                -44.59762191772461,
                -12.62760066986084,
                -24.534629821777344,
                -18.265003204345703,
                -28.574678421020508,
                -3.716567039489746,
                -8.610787391662598
            ],
            "root_mean_squared_error": [
                3.893172025680542,
                1.9804582595825195,
                1.8679624795913696,
                1.8886613845825195,
                1.0325062274932861,
                1.4133331775665283,
                1.2276346683502197,
                1.5210483074188232,
                0.6074296236038208,
                0.8670898079872131
            ],
            "root_mean_squared_percentage_error": [
                1.2238941192626953,
                0.6423975229263306,
                0.6188455820083618,
                0.606124997138977,
                0.36203187704086304,
                0.46683695912361145,
                0.4075593948364258,
                0.5130017399787903,
                0.1963466852903366,
                0.29447951912879944
            ]
        },
        "combined": {
            "loss": [
                14.732877731323242,
                3.755073308944702,
                3.3583791255950928,
                3.4375393390655518,
                1.1767438650131226,
                1.951149821281433,
                1.498687505722046,
                2.266173839569092,
                0.35545068979263306,
                0.7369309067726135
            ]
        }
    },
    "validation": {
        "Close_next": {
            "loss": [
                9.806557655334473,
                2.01515793800354,
                3.2532362937927246,
                0.5482755303382874,
                2.3566768169403076,
                3.3669631481170654,
                2.2923731803894043,
                0.30790090560913086,
                1.0698658227920532,
                0.6147658824920654
            ],
            "mean_absolute_error": [
                2.571779727935791,
                1.2245737314224243,
                1.6236400604248047,
                0.5552570819854736,
                1.4686458110809326,
                1.7608321905136108,
                1.4585202932357788,
                0.42188751697540283,
                0.9535630345344543,
                0.5830491781234741
            ],
            "mean_squared_error": [
                9.806557655334473,
                2.01515793800354,
                3.2532362937927246,
                0.5482755303382874,
                2.3566768169403076,
                3.3669631481170654,
                2.2923731803894043,
                0.30790090560913086,
                1.0698658227920532,
                0.6147658824920654
            ],
            "r2": [
                -119.84930419921875,
                -23.833425521850586,
                -39.09065628051758,
                -5.756572246551514,
                -28.042070388793945,
                -40.49214553833008,
                -27.249637603759766,
                -2.7943596839904785,
                -12.184293746948242,
                -6.575953483581543
            ],