{
    "evaluation_frequency": {
        "frequency": 1,
        "period": "epoch"
    },
    "test": {
        "Seattle_next": {
            "loss": [
                9930.7939453125,
                14942.4814453125,
                132.23316955566406,
                3467.435302734375,
                778.4442138671875,
                517.2135620117188,
                762.5966186523438,
                191.23727416992188
            ],
            "mean_absolute_error": [
                99.62554931640625,
                122.20584106445312,
                11.496781349182129,
                58.87064743041992,
                27.894184112548828,
                22.734941482543945,
                27.608570098876953,
                13.825467109680176
            ],
            "mean_squared_error": [
                9930.7939453125,
                14942.4814453125,
                132.233154296875,
                3467.43505859375,
                778.4441528320312,
                517.2135620117188,
                762.5964965820312,
                191.23728942871094
            ],
            "r2": [
                -232.3460235595703,
                -350.1067199707031,
                -2.1071109771728516,
                -80.4750747680664,
                -17.291271209716797,
                -11.153078079223633,
                -16.918895721435547,
                -3.493544101715088
            ],
            "root_mean_squared_error": [
                99.65336608886719,
                122.23944091796875,
                11.499267578125,
                58.88492965698242,
                27.900611877441406,
                22.74233055114746,
                27.615150451660156,
                13.828857421875
            ],
            "root_mean_squared_percentage_error": [
                0.35032567381858826,
                0.4297288954257965,
                0.040434833616018295,
                0.20702050626277924,
                0.09809312224388123,
                0.07994592934846878,
                0.09708771854639053,
                0.04862054064869881
            ]
        },
        "combined": {
            "loss": [
                9929.3251953125,
                14940.2607421875,
                132.20616149902344,
                3466.8662109375,
                778.306396484375,
                517.1511840820312,
                762.459228515625,
                191.1974334716797
            ]
        }
    },
    "training": {
        "Seattle_next": {
            "loss": [
                6598.88427734375,
                5780.458984375,
                6515.6611328125,
                2312.064453125,
                2523.31982421875,
                1395.6353759765625,
                171.8677520751953,
                630.5159301757812
            ],
            "mean_absolute_error": [
                72.8489990234375,
                67.85435485839844,
                72.50907897949219,
                42.925010681152344,
                45.48078918457031,
                35.247291564941406,
                11.161762237548828,
                22.502593994140625
            ],
            "mean_squared_error": [
                6598.884765625,
                5780.45947265625,
                6515.6611328125,
                2312.064208984375,
                2523.31982421875,
                1395.635498046875,
                171.86776733398438,
                630.515869140625
            ],
            "r2": [
                -143.78021240234375,
                -125.86886596679688,
                -141.95428466796875,
                -49.7269287109375,
                -54.352088928222656,
                -29.62038803100586,
                -2.770796537399292,
                -12.836037635803223
            ],
            "root_mean_squared_error": [
                81.2335205078125,
                76.02933502197266,
                80.71964263916016,
                48.083927154541016,
                50.23265838623047,
                37.35820388793945,
                13.109834671020508,
                25.110074996948242
            ],
            "root_mean_squared_percentage_error": [
                13.266950607299805,
                9.905491828918457,
                1.2864280939102173,
                10.700693130493164,
                11.472420692443848,
                20.715940475463867,
                14.23984146118164,
                17.908763885498047
            ]
        },
        "combined": {
            "loss": [
                6932.10400390625,
                5804.82568359375,
                6369.64208984375,
                2348.9736328125,
                2448.1123046875,
                1395.1878662109375,
                180.29110717773438,
                610.13916015625
            ]
        }
    },
    "validation": {
        "Seattle_next": {
            "loss": [
                9923.7490234375,
                14931.8662109375,
                132.11842346191406,
                3464.8232421875,
                777.827392578125,
                516.8905639648438,
                761.9807739257812,
                191.06439208984375
            ],
            "mean_absolute_error": [
                99.59021759033203,
                122.16244506835938,
                11.491786003112793,
                58.84846115112305,
                27.883121490478516,
                22.727855682373047,
                27.597414016723633,
                13.819208145141602
            ],
            "mean_squared_error": [
                9923.75,
                14931.8662109375,
                132.11842346191406,
                3464.822998046875,
                777.8274536132812,
                516.8905029296875,
                761.9807739257812,
                191.0644073486328
            ],
            "r2": [
                -232.45204162597656,
                -350.2658996582031,
                -2.1080305576324463,
                -80.50850677490234,
                -17.298063278198242,
                -11.159631729125977,
                -16.925277709960938,
                -3.4947099685668945
            ],
            "root_mean_squared_error": [
                99.6180191040039,
                122.19601440429688,
                11.494277954101562,
                58.86274719238281,
                27.889558792114258,
                22.735225677490234,
                27.604000091552734,
                13.82260513305664
            ],
            "root_mean_squared_percentage_error": [
                0.35033494234085083,
                0.4297383427619934,
                0.04042522981762886,
                0.2070108950138092,
                0.09808336198329926,
                0.07995577156543732,
                0.09707771241664886,
                0.04861041158437729
            ]
        },
        "combined": {
            "loss": [
                9927.96875,
                14938.095703125,
                132.12359619140625,
                3465.92529296875,
                778.0185546875,
                517.173583984375,
                762.1714477539062,
                191.08766174316406
            ]
        }
    }
}