{
    "evaluation_frequency": {
        "frequency": 1,
        "period": "epoch"
    },
    "test": {
        "Close_next": {
            "loss": [
                0.0375911220908165,
                0.32949206233024597,
                0.8338747620582581,
                2.2940187454223633,
                1.3997290134429932,
                0.21293871104717255
            ],
            "mean_absolute_error": [
                0.15637323260307312,
                0.5661939382553101,
                0.9096771478652954,
                1.5071635246276855,
                1.1805872917175293,
                0.4567612111568451
            ],
            "mean_squared_error": [
                0.0375911220908165,
                0.32949206233024597,
                0.8338747620582581,
                2.2940187454223633,
                1.3997290134429932,
                0.21293871104717255
            ],
            "r2": [
                0.4973924160003662,
                -3.4054341316223145,
                -10.149222373962402,
                -29.671899795532227,
                -17.714908599853516,
                -1.8470714092254639
            ],
            "root_mean_squared_error": [
                0.19388429820537567,
                0.5740140080451965,
                0.913167417049408,
                1.5146018266677856,
                1.1831014156341553,
                0.46145281195640564
            ],
            "root_mean_squared_percentage_error": [
                0.06458084285259247,
                0.20640495419502258,
                0.3306436538696289,
                0.540829062461853,
                0.42702406644821167,
                0.16816672682762146
            ]
        },
        "combined": {
            "loss": [
                0.03767479583621025,
                0.3295283913612366,
                0.833875298500061,
                2.2941598892211914,
                1.399745225906372,
                0.2129187285900116
            ]
        }
    },
    "training": {
        "Close_next": {
            "loss": [
                1.7986749410629272,
                0.03650900349020958,
                0.30263635516166687,
                1.0621733665466309,
                1.2655916213989258,
                0.35325106978416443
            ],
            "mean_absolute_error": [
                0.9886060953140259,
                0.15454046428203583,
                0.5034539103507996,
                0.9438916444778442,
                1.0333715677261353,
                0.4769810438156128
            ],
            "mean_squared_error": [
                1.7986749410629272,
                0.03650900721549988,
                0.30263638496398926,
                1.0621733665466309,
                1.2655912637710571,
                0.35325101017951965
            ],
            "r2": [
                -21.99252700805664,
                0.5332971811294556,
                -2.868669033050537,
                -12.57800006866455,
                -15.178457260131836,
                -3.5156869888305664
            ],
            "root_mean_squared_error": [
                1.3411468267440796,
                0.19107329845428467,
                0.5501239895820618,
                1.0306179523468018,
                1.1249849796295166,
                0.594349205493927
            ],
            "root_mean_squared_percentage_error": [
                0.3498704135417938,
                0.062047552317380905,
                0.17607280611991882,
                0.351127952337265,
                0.3809068202972412,
                0.17188656330108643
            ]
        },
        "combined": {
            "loss": [
                1.7075659036636353,
                0.035041578114032745,
                0.28688934445381165,
                1.1041526794433594,
                1.3023016452789307,
                0.3394637703895569
            ]
        }
    },
    "validation": {
        "Close_next": {
            "loss": [
                0.04143230989575386,
                0.335916131734848,
                0.8404951691627502,
                2.291844367980957,
                1.405389428138733,
                0.2138957530260086
            ],
            "mean_absolute_error": [
                0.16267652809619904,
                0.5714405179023743,
                0.9132084846496582,
                1.506448745727539,
                1.1827501058578491,
                0.45787596702575684
            ],
            "mean_squared_error": [
                0.04143230989575386,
                0.335916131734848,
                0.8404951691627502,
                2.291844367980957,
                1.405389428138733,
                0.2138957530260086
            ],
            "r2": [
                0.48941659927368164,
                -3.1396002769470215,
                -9.357686042785645,
                -27.243120193481445,
                -16.31905746459961,
                -1.6359047889709473
            ],
            "root_mean_squared_error": [
                0.20354928076267242,
                0.5795827507972717,
                0.9167852401733398,
                1.5138838291168213,
                1.1854912042617798,
                0.46248865127563477
            ],
            "root_mean_squared_percentage_error": [
                0.06718527525663376,
                0.20781560242176056,
                0.33146724104881287,
                0.5401492714881897,
                0.4272828996181488,
                0.16821353137493134
            ]
        },
        "combined": {
            "loss": [
                0.04143230989575386,
                0.335916131734848,
                0.8404951691627502,
                2.291844367980957,
                1.405389428138733,
                0.2138957530260086
            ]
        }
    }
}