{
    "evaluation_frequency": {
        "frequency": 1,
        "period": "epoch"
    },
    "test": {
        "Close_next": {
            "loss": [
                0.2884693145751953,
                0.11272166669368744,
                0.07535483688116074,
                0.1843661516904831,
                1.0255873203277588,
                0.15440306067466736,
                0.03945517539978027,
                0.10922867804765701,
                0.47642162442207336,
                0.052151769399642944,
                0.0674000084400177,
                0.07463282346725464
            ],
            "mean_absolute_error": [
                0.44137436151504517,
                0.2596145272254944,
                0.19394899904727936,
                0.3854238986968994,
                0.9361336827278137,
                0.29724955558776855,
                0.149172842502594,
                0.24452956020832062,
                0.6212887763977051,
                0.19268842041492462,
                0.18634651601314545,
                0.22574210166931152
            ],
            "mean_squared_error": [
                0.2884692847728729,
                0.11272164434194565,
                0.07535485178232193,
                0.1843661665916443,
                1.0255874395370483,
                0.15440303087234497,
                0.03945518285036087,
                0.10922871530056,
                0.47642162442207336,
                0.05215177685022354,
                0.0674000158905983,
                0.07463284581899643
            ],
            "r2": [
                -2.8569178581237793,
                -0.5071210861206055,
                -0.007516264915466309,
                -1.465029001235962,
                -12.712401390075684,
                -1.064413070678711,
                0.47247278690338135,
                -0.4604196548461914,
                -5.369894981384277,
                0.30271559953689575,
                0.09884226322174072,
                0.0021371841430664062
            ],
            "root_mean_squared_error": [
                0.5370933413505554,
                0.33574044704437256,
                0.27450838685035706,
                0.42937880754470825,
                1.0127129554748535,
                0.39294150471687317,
                0.19863328337669373,
                0.330497682094574,
                0.6902329921722412,
                0.2283676415681839,
                0.25961512327194214,
                0.27319014072418213
            ],
            "root_mean_squared_percentage_error": [
                0.19684112071990967,
                0.11445662379264832,
                0.09200286120176315,
                0.15356576442718506,
                0.37899965047836304,
                0.12843555212020874,
                0.06705155968666077,
                0.10963855683803558,
                0.23323285579681396,
                0.08197548985481262,
                0.08426782488822937,
                0.08945102244615555
            ]
        },
        "combined": {
            "loss": [
                0.28857386112213135,
                0.1130213588476181,
                0.07507147639989853,
                0.18389472365379333,
                1.0254908800125122,
                0.15438437461853027,
                0.039255041629076004,
                0.10965842008590698,
                0.47669899463653564,
                0.05202994495630264,
                0.06732194125652313,
                0.07456261664628983
            ]
        }
    },
    "training": {
        "Close_next": {
            "loss": [
                12.186139106750488,
                0.7015288472175598,
                0.5036199688911438,
                0.2243441939353943,
                0.36736881732940674,
                0.32521623373031616,
                0.4179227352142334,
                0.14423193037509918,
                0.20160628855228424,
                0.06047150492668152,
                0.050425127148628235,
                0.10086123645305634
            ],
            "mean_absolute_error": [
                1.6480588912963867,
                0.6770311594009399,
                0.5752717852592468,
                0.38295450806617737,
                0.47501787543296814,
                0.4177163243293762,
                0.479570209980011,
                0.2904875576496124,
                0.3370552062988281,
                0.19362057745456696,
                0.17341351509094238,
                0.23763620853424072
            ],
            "mean_squared_error": [
                12.186135292053223,
                0.7015282511711121,
                0.5036195516586304,
                0.2243441641330719,
                0.3673686385154724,
                0.32521626353263855,
                0.4179224669933319,
                0.14423173666000366,
                0.2016061246395111,
                0.06047149375081062,
                0.05042514577507973,
                0.10086120665073395
            ],
            "r2": [
                -154.7758026123047,
                -7.968321800231934,
                -5.437976837158203,
                -1.8677573204040527,
                -3.6962594985961914,
                -3.1572208404541016,
                -4.342318058013916,
                -0.8437330722808838,
                -1.577195405960083,
                0.2269906997680664,
                0.35539931058883667,
                -0.2893409729003906
            ],
            "root_mean_squared_error": [
                3.4908645153045654,
                0.8375728130340576,
                0.709661602973938,
                0.4736498296260834,
                0.6061094403266907,
                0.5702773332595825,
                0.646469235420227,
                0.37977853417396545,
                0.44900569319725037,
                0.24590952694416046,
                0.22455544769763947,
                0.3175865411758423
            ],
            "root_mean_squared_percentage_error": [
                0.6372444033622742,
                0.26471346616744995,
                0.22473913431167603,
                0.1529087871313095,
                0.19187501072883606,
                0.17594167590141296,
                0.19858236610889435,
                0.11965830624103546,
                0.14195114374160767,
                0.0817827358841896,
                0.07391327619552612,
                0.10129434615373611
            ]
        },
        "combined": {
            "loss": [
                12.182679176330566,
                0.7013990879058838,
                0.5035361647605896,
                0.22429902851581573,
                0.3675591051578522,
                0.32518261671066284,
                0.41783252358436584,
                0.14423246681690216,
                0.20171327888965607,
                0.060467176139354706,
                0.05046636611223221,
                0.10084906220436096
            ]
        }
    },
    "validation": {
        "Close_next": {
            "loss": [
                0.30127134919166565,
                0.12437973916530609,
                0.0777045413851738,
                0.1870933473110199,
                1.0317888259887695,
                0.1646999716758728,
                0.0438150018453598,
                0.11375633627176285,
                0.4703468978404999,
                0.0648588314652443,
                0.07021161913871765,
                0.06042836233973503
            ],