{
    "evaluation_frequency": {
        "frequency": 1,
        "period": "epoch"
    },
    "test": {
        "Close_next": {
            "loss": [
                0.0301129799336195,
                0.017125818878412247,
                0.017432332038879395,
                0.008197023533284664,
                0.017475880682468414,
                0.01578405313193798,
                0.009379461407661438
            ],
            "mean_absolute_error": [
                0.13829170167446136,
                0.10978138446807861,
                0.11269595474004745,
                0.07463976740837097,
                0.11896675825119019,
                0.1142825111746788,
                0.08552394807338715
            ],
            "mean_squared_error": [
                0.0301129799336195,
                0.017125817015767097,
                0.017432332038879395,
                0.008197023533284664,
                0.017475880682468414,
                0.01578405313193798,
                0.009379460476338863
            ],
            "r2": [
                0.5973780155181885,
                0.77102130651474,
                0.7669230699539185,
                0.8904026746749878,
                0.7663408517837524,
                0.7889611721038818,
                0.8745930194854736
            ],
            "root_mean_squared_error": [
                0.1735309213399887,
                0.1308656483888626,
                0.13203155994415283,
                0.0905374139547348,
                0.1321963667869568,
                0.1256345957517624,
                0.09684761613607407
            ],
            "root_mean_squared_percentage_error": [
                0.057760026305913925,
                0.04708130657672882,
                0.049021586775779724,
                0.032180529087781906,
                0.047563496977090836,
                0.04582631587982178,
                0.0344676673412323
            ]
        },
        "combined": {
            "loss": [
                0.03019091486930847,
                0.017138060182332993,
                0.017423363402485847,
                0.00818641111254692,
                0.017473509535193443,
                0.015785429626703262,
                0.00937593448907137
            ]
        }
    },
    "training": {
        "Close_next": {
            "loss": [
                1.801261305809021,
                0.25092801451683044,
                0.029592502862215042,
                0.01625198684632778,
                0.0483817383646965,
                0.1349317878484726,
                0.009991862811148167
            ],
            "mean_absolute_error": [
                0.9909077882766724,
                0.38692614436149597,
                0.14099206030368805,
                0.1085013747215271,
                0.1823011040687561,
                0.2915773391723633,
                0.08699400722980499
            ],
            "mean_squared_error": [
                1.8012611865997314,
                0.25092801451683044,
                0.029592499136924744,
                0.016251984983682632,
                0.048381730914115906,
                0.1349317729473114,
                0.009991862811148167
            ],
            "r2": [
                -22.02541732788086,
                -2.2076926231384277,
                0.6217096447944641,
                0.7922472357749939,
                0.38153910636901855,
                -0.7248631715774536,
                0.8722745776176453
            ],
            "root_mean_squared_error": [
                1.3421107530593872,
                0.5009271502494812,
                0.1720247119665146,
                0.1274832785129547,
                0.21995846927165985,
                0.3673306107521057,
                0.09995930641889572
            ],
            "root_mean_squared_percentage_error": [
                0.350471556186676,
                0.1489545851945877,
                0.05723254010081291,
                0.0469362810254097,
                0.07383260875940323,
                0.1034327894449234,
                0.03568948432803154
            ]
        },
        "combined": {
            "loss": [
                1.71031653881073,
                0.2566707134246826,
                0.0288535263389349,
                0.016544098034501076,
                0.05370881408452988,
                0.1278650164604187,
                0.009867611341178417
            ]
        }
    },
    "validation": {
        "Close_next": {
            "loss": [
                0.03344275429844856,
                0.01837685890495777,
                0.01805991679430008,
                0.00786557700484991,
                0.01739637181162834,
                0.016026275232434273,
                0.009440348483622074
            ],
            "mean_absolute_error": [
                0.14489398896694183,
                0.11433300375938416,
                0.11563397943973541,
                0.07236192375421524,
                0.11853013932704926,
                0.11482896655797958,
                0.08458215743303299
            ],
            "mean_squared_error": [
                0.03344275429844856,
                0.01837685890495777,
                0.01805991679430008,
                0.00786557700484991,
                0.01739637181162834,
                0.016026275232434273,
                0.009440348483622074
            ],
            "r2": [
                0.5878744125366211,
                0.773536205291748,
                0.7774419784545898,
                0.9030700325965881,
                0.7856190204620361,
                0.8025031685829163,
                0.8836635947227478
            ],
            "root_mean_squared_error": [
                0.18287360668182373,
                0.1355612725019455,
                0.13438719511032104,
                0.08868809044361115,
                0.1318953037261963,
                0.1265949308872223,
                0.09716145694255829
            ],
            "root_mean_squared_percentage_error": [
                0.060285743325948715,
                0.04822366684675217,
                0.049530547112226486,
                0.0315481498837471,
                0.04763706028461456,
                0.04639837145805359,
                0.03416956588625908
            ]
        },
        "combined": {
            "loss": [
                0.03344275429844856,
                0.01837685890495777,
                0.01805991679430008,
                0.00786557700484991,
                0.01739637181162834,
                0.016026275232434273,
                0.009440348483622074
            ]
        }
    }
}