{
    "evaluation_frequency": {
        "frequency": 1,
        "period": "epoch"
    },
    "test": {
        "Close_next": {
            "loss": [
                0.03775154799222946,
                0.06413917988538742,
                0.12434954196214676,
                0.007077006623148918,
                0.029504651203751564,
                0.06144922599196434,
                0.08454428613185883
            ],
            "mean_absolute_error": [
                0.15669436752796173,
                0.2359754741191864,
                0.33856141567230225,
                0.06710617244243622,
                0.1597965508699417,
                0.24007493257522583,
                0.2862642705440521
            ],
            "mean_squared_error": [
                0.03775154799222946,
                0.06413917988538742,
                0.12434954196214676,
                0.007077006623148918,
                0.029504649341106415,
                0.06144922599196434,
                0.08454428613185883
            ],
            "r2": [
                0.495247483253479,
                0.14243483543395996,
                -0.6626006364822388,
                0.9053777456283569,
                0.6055116653442383,
                0.17840051651000977,
                -0.13038921356201172
            ],
            "root_mean_squared_error": [
                0.19429758191108704,
                0.253257155418396,
                0.3526323139667511,
                0.08412494510412216,
                0.1717691719532013,
                0.24788954854011536,
                0.2907649874687195
            ],
            "root_mean_squared_percentage_error": [
                0.06471826136112213,
                0.0908571109175682,
                0.12420715391635895,
                0.03159520775079727,
                0.06282944232225418,
                0.08823029696941376,
                0.10570865869522095
            ]
        },
        "combined": {
            "loss": [
                0.03783563897013664,
                0.06413157284259796,
                0.12434844672679901,
                0.0070587582886219025,
                0.029492352157831192,
                0.06145022436976433,
                0.08455568552017212
            ]
        }
    },
    "training": {
        "Close_next": {
            "loss": [
                1.7916876077651978,
                0.030632300302386284,
                0.2085655927658081,
                0.1865033209323883,
                0.016140706837177277,
                0.11273108422756195,
                0.0889936238527298
            ],
            "mean_absolute_error": [
                0.9836715459823608,
                0.14333365857601166,
                0.39599311351776123,
                0.3765387535095215,
                0.10443823784589767,
                0.2939741909503937,
                0.28032249212265015
            ],
            "mean_squared_error": [
                1.7916879653930664,
                0.030632300302386284,
                0.2085655927658081,
                0.1865033209323883,
                0.016140710562467575,
                0.11273106932640076,
                0.0889936313033104
            ],
            "r2": [
                -21.903549194335938,
                0.6084175109863281,
                -1.6661014556884766,
                -1.3840610980987549,
                0.7936697006225586,
                -0.44103479385375977,
                -0.13763391971588135
            ],
            "root_mean_squared_error": [
                1.338539481163025,
                0.17502085864543915,
                0.45668983459472656,
                0.4318602979183197,
                0.12704609334468842,
                0.33575448393821716,
                0.2983179986476898
            ],
            "root_mean_squared_percentage_error": [
                0.34871014952659607,
                0.059007495641708374,
                0.14918582141399384,
                0.1421450674533844,
                0.04369664192199707,
                0.11107166856527328,
                0.10149688273668289
            ]
        },
        "combined": {
            "loss": [
                1.7009203433990479,
                0.029583575204014778,
                0.21264506876468658,
                0.190140962600708,
                0.015561917796730995,
                0.11660251766443253,
                0.08653359860181808
            ]
        }
    },
    "validation": {
        "Close_next": {
            "loss": [
                0.04157962650060654,
                0.0618082620203495,
                0.12235337495803833,
                0.006875799037516117,
                0.029767652973532677,
                0.06176524609327316,
                0.08543884754180908
            ],
            "mean_absolute_error": [
                0.16298337280750275,
                0.23130351305007935,
                0.33612507581710815,
                0.06642702221870422,
                0.1605011522769928,
                0.2398250252008438,
                0.2875820994377136
            ],
            "mean_squared_error": [
                0.04157962650060654,
                0.0618082620203495,
                0.12235337495803833,
                0.006875799037516117,
                0.029767652973532677,
                0.06176524609327316,
                0.08543884754180908
            ],
            "r2": [
                0.4876011610031128,
                0.2383173108100891,
                -0.5077991485595703,
                0.9152673482894897,
                0.6331638097763062,
                0.23884743452072144,
                -0.05288982391357422
            ],
            "root_mean_squared_error": [
                0.20391082763671875,
                0.2486126720905304,
                0.34979048371315,
                0.08292043954133987,
                0.1725330501794815,
                0.24852614104747772,
                0.2922992408275604
            ],
            "root_mean_squared_percentage_error": [
                0.06730595976114273,
                0.08933083713054657,
                0.12316519021987915,
                0.031103182584047318,
                0.06275302171707153,
                0.08793596923351288,
                0.10654149204492569
            ]
        },
        "combined": {
            "loss": [
                0.04157962650060654,
                0.0618082620203495,
                0.12235337495803833,
                0.006875799037516117,
                0.029767652973532677,
                0.06176524609327316,
                0.08543884754180908
            ]
        }
    }
}