{
    "evaluation_frequency": {
        "frequency": 1,
        "period": "epoch"
    },
    "test": {
        "airline_sentiment": {
            "accuracy": [
                0.33581265807151794,
                0.33585402369499207,
                0.44073519110679626,
                0.4850934147834778,
                0.5105246305465698,
                0.4937329888343811,
                0.5586820840835571,
                0.5466905832290649,
                0.6006816029548645,
                0.6143016219139099,
                0.6300196051597595,
                0.6805773973464966,
                0.6672934889793396,
                0.7107368111610413,
                0.7111033797264099,
                0.6899999380111694,
                0.650946855545044,
                0.684607982635498,
                0.641334056854248
            ],
            "loss": [
                1.6287696361541748,
                0.9034645557403564,
                0.9946905374526978,
                0.7508144378662109,
                0.7360399961471558,
                0.7873895168304443,
                0.8679854869842529,
                0.9323444366455078,
                0.9329817295074463,
                0.9364647269248962,
                1.0102792978286743,
                0.926689624786377,
                1.0049511194229126,
                1.175940990447998,
                1.2015984058380127,
                1.2479205131530762,
                1.6046644449234009,
                1.4670450687408447,
                1.7047675848007202
            ],
            "roc_auc": [
                0.46735653281211853,
                0.7096588015556335,
                0.8062379360198975,
                0.8269318342208862,
                0.8425402641296387,
                0.8333423137664795,
                0.8245861530303955,
                0.8185800313949585,
                0.8238403797149658,
                0.8426299095153809,
                0.8556429147720337,
                0.8586893081665039,
                0.8558633327484131,
                0.8594878911972046,
                0.8598088622093201,
                0.8573328852653503,
                0.8519964218139648,
                0.855549693107605,
                0.8477356433868408
            ]
        },
        "combined": {
            "loss": [
                1.6287696361541748,
                0.9034645557403564,
                0.9946905374526978,
                0.7508144378662109,
                0.7360399961471558,
                0.7873895168304443,
                0.8679854869842529,
                0.9323444366455078,
                0.9329817295074463,
                0.9364647269248962,
                1.0102792978286743,
                0.926689624786377,
                1.0049511194229126,
                1.175940990447998,
                1.2015984058380127,
                1.2479205131530762,
                1.6046644449234009,
                1.4670450687408447,
                1.7047675848007202
            ]
        }
    },
    "training": {
        "airline_sentiment": {
            "accuracy": [
                0.34002867341041565,
                0.331391304731369,
                0.3699146509170532,
                0.4632970094680786,
                0.5601886510848999,
                0.6032023429870605,
                0.6396011114120483,
                0.701474130153656,
                0.7473610043525696,
                0.815155029296875,
                0.8661952614784241,
                0.8893438577651978,
                0.9283640384674072,
                0.9447746276855469,
                0.9605363607406616,
                0.9692046642303467,
                0.9774384498596191,
                0.9532406330108643,
                0.9703603982925415
            ],
            "loss": [
                9.4896821975708,
                1.2523764371871948,
                0.9540659785270691,
                0.7141873240470886,
                0.5105971693992615,
                0.45167648792266846,
                0.3587063252925873,
                0.377750962972641,
                0.3391209840774536,
                0.3050711154937744,
                0.22416161000728607,
                0.26126348972320557,
                0.12204087525606155,
                0.09298768639564514,
                0.07408880442380905,
                0.05825630947947502,
                0.05262555554509163,
                0.07029067724943161,
                0.05430223047733307
            ],
            "roc_auc": [
                0.5170433521270752,
                0.5092085003852844,
                0.6004817485809326,
                0.7947232723236084,
                0.8746616840362549,
                0.9044533967971802,
                0.9153574705123901,
                0.9300551414489746,
                0.9511275291442871,
                0.964371383190155,
                0.9819709658622742,
                0.9879795908927917,
                0.992177426815033,
                0.9952775835990906,
                0.9967446327209473,
                0.9979534149169922,
                0.998717188835144,
                0.9985515475273132,
                0.9989948272705078
            ]
        },
        "combined": {
            "loss": [
                9.4896821975708,
                1.2523764371871948,
                0.9540659785270691,
                0.7141873240470886,
                0.5105971693992615,
                0.45167648792266846,
                0.3587063252925873,
                0.377750962972641,
                0.3391209840774536,
                0.3050711154937744,
                0.22416161000728607,
                0.26126348972320557,
                0.12204087525606155,
                0.09298768639564514,
                0.07408880442380905,
                0.05825630947947502,
                0.05262555554509163,
                0.07029067724943161,
                0.05430223047733307
            ]
        }
    },
    "validation": {
        "airline_sentiment": {
            "accuracy": [
                0.3425040543079376,
                0.3382497727870941,
                0.441582053899765,
                0.4737781882286072,
                0.5049690008163452,
                0.4830077886581421,
                0.5740825533866882,
                0.5513865947723389,
                0.617843508720398,
                0.6067842841148376,
                0.6414626240730286,
                0.6525083184242249,
                0.6608213782310486,
                0.7055897116661072,
                0.6958615779876709,
                0.6880367994308472,
                0.6770533323287964,
                0.6719152331352234,
                0.6498544812202454
            ],
            "loss": [
                1.5903290510177612,
                0.9218952655792236,
                1.0529775619506836,
                0.8061764240264893,
                0.806012749671936,
                0.854841411113739,
                0.9151535630226135,
                0.9474868178367615,
                0.9431746602058411,
                1.0500147342681885,
                1.0237150192260742,
                1.0584337711334229,
                1.0956965684890747,
                1.2546956539154053,
                1.300966739654541,
                1.3288466930389404,
                1.600051760673523,
                1.6234759092330933,
                1.72433602809906
            ],