{
    "evaluation_frequency": {
        "frequency": 1,
        "period": "epoch"
    },
    "test": {
        "Close_next": {
            "loss": [
                0.024905934929847717,
                0.012745118699967861,
                0.008112550713121891,
                0.00541392108425498,
                0.3805064857006073,
                0.18200141191482544,
                0.04056652635335922,
                0.03403230011463165,
                0.003259727032855153,
                0.007835602387785912
            ],
            "mean_absolute_error": [
                0.12548868358135223,
                0.0927790179848671,
                0.07123210281133652,
                0.05959193408489227,
                0.6126739382743835,
                0.4225728511810303,
                0.1960851550102234,
                0.17939725518226624,
                0.04688988998532295,
                0.07960768789052963
            ],
            "mean_squared_error": [
                0.024905936792492867,
                0.012745118699967861,
                0.008112550713121891,
                0.005413920618593693,
                0.3805064857006073,
                0.18200141191482544,
                0.04056652635335922,
                0.03403230383992195,
                0.0032597268000245094,
                0.007835602387785912
            ],
            "r2": [
                0.6669981479644775,
                0.8295929431915283,
                0.8915321230888367,
                0.9276138544082642,
                -4.0875163078308105,
                -1.4334280490875244,
                0.4576101303100586,
                0.5449751615524292,
                0.9564161896705627,
                0.895235002040863
            ],
            "root_mean_squared_error": [
                0.15781614184379578,
                0.11289428174495697,
                0.09006969630718231,
                0.0735793486237526,
                0.6168521046638489,
                0.42661622166633606,
                0.20141133666038513,
                0.18447846174240112,
                0.057094018906354904,
                0.08851893991231918
            ],
            "root_mean_squared_percentage_error": [
                0.05255939066410065,
                0.04127900302410126,
                0.03403494507074356,
                0.026902692392468452,
                0.22120696306228638,
                0.15300580859184265,
                0.07290884852409363,
                0.06685420870780945,
                0.020417766645550728,
                0.03165222704410553
            ]
        },
        "combined": {
            "loss": [
                0.02497764304280281,
                0.012750416062772274,
                0.00810015108436346,
                0.005403859540820122,
                0.3805195093154907,
                0.18199841678142548,
                0.04055427014827728,
                0.03401895612478256,
                0.003259803168475628,
                0.007839540019631386
            ]
        }
    },
    "training": {
        "Close_next": {
            "loss": [
                1.791609764099121,
                0.2515541911125183,
                0.025298375636339188,
                0.017393935471773148,
                0.08057373762130737,
                0.09765980392694473,
                0.13798567652702332,
                0.049709685146808624,
                0.08673125505447388,
                0.12808756530284882
            ],
            "mean_absolute_error": [
                0.9912639260292053,
                0.38420164585113525,
                0.1300549954175949,
                0.10951671004295349,
                0.24041080474853516,
                0.2358091175556183,
                0.34826818108558655,
                0.17037732899188995,
                0.24142010509967804,
                0.31289735436439514
            ],
            "mean_squared_error": [
                1.7916098833084106,
                0.2515541911125183,
                0.025298377498984337,
                0.017393937334418297,
                0.08057373762130737,
                0.09765980392694473,
                0.1379856914281845,
                0.04970967769622803,
                0.08673126250505447,
                0.12808756530284882
            ],
            "r2": [
                -21.90187644958496,
                -2.2156736850738525,
                0.6766027808189392,
                0.7776542901992798,
                -0.029992222785949707,
                -0.248407244682312,
                -0.7638630867004395,
                0.3645547032356262,
                -0.10871338844299316,
                -0.6373841762542725
            ],
            "root_mean_squared_error": [
                1.338510274887085,
                0.5015518069267273,
                0.15905463695526123,
                0.1318860799074173,
                0.283855140209198,
                0.31250569224357605,
                0.37146425247192383,
                0.22295667231082916,
                0.29450172185897827,
                0.3578932285308838
            ],
            "root_mean_squared_percentage_error": [
                0.35283687710762024,
                0.1485675871372223,
                0.05494849756360054,
                0.047485679388046265,
                0.094148650765419,
                0.08505094051361084,
                0.12245363742113113,
                0.0690663531422615,
                0.08670096099376678,
                0.11678273975849152
            ]
        },
        "combined": {
            "loss": [
                1.702376365661621,
                0.2583048343658447,
                0.025645365938544273,
                0.01785062998533249,
                0.08685213327407837,
                0.09261246025562286,
                0.13135431706905365,
                0.05709926411509514,
                0.08299808949232101,
                0.13222573697566986
            ]
        }
    },
    "validation": {
        "Close_next": {
            "loss": [
                0.027795959264039993,
                0.013549848459661007,
                0.008123940788209438,
                0.005204356741160154,
                0.3818341791629791,
                0.181687593460083,
                0.03977806493639946,
                0.033065371215343475,
                0.0035477287601679564,
                0.008418685756623745
            ],
            "mean_absolute_error": [
                0.1315535306930542,
                0.09714633226394653,
                0.07241614162921906,
                0.05778609216213226,
                0.6132391095161438,
                0.42169278860092163,
                0.19376102089881897,
                0.1764102280139923,
                0.04968129098415375,
                0.08311071246862411
            ],
            "mean_squared_error": [
                0.027795959264039993,
                0.013549848459661007,
                0.008123940788209438,
                0.005204356741160154,
                0.3818341791629791,
                0.181687593460083,
                0.03977806493639946,
                0.033065371215343475,
                0.0035477287601679564,
                0.008418685756623745
            ],
            "r2": [
                0.6574616432189941,
                0.8330209255218506,
                0.8998861312866211,
                0.935865044593811,
                -3.70546293258667,
                -1.2389934062957764,
                0.5098024010658264,
                0.5925250053405762,
                0.9562802314758301,
                0.8962538838386536
            ],