{
    "evaluation_frequency": {
        "frequency": 1,
        "period": "epoch"
    },
    "test": {
        "Close_next": {
            "loss": [
                47.473915100097656,
                25.02448081970215,
                2.1381399631500244,
                5.367763042449951,
                3.0371012687683105,
                1.1017905473709106,
                0.26850423216819763,
                0.5411084890365601,
                0.22276346385478973,
                0.17996615171432495
            ],
            "mean_absolute_error": [
                6.593296051025391,
                4.498326778411865,
                1.245182991027832,
                2.183892011642456,
                1.6055203676223755,
                0.9083492159843445,
                0.412901908159256,
                0.622292160987854,
                0.36542728543281555,
                0.33057060837745667
            ],
            "mean_squared_error": [
                47.473915100097656,
                25.02448081970215,
                2.1381399631500244,
                5.367763042449951,
                3.0371012687683105,
                1.1017905473709106,
                0.26850423216819763,
                0.5411084890365601,
                0.22276346385478973,
                0.17996615171432495
            ],
            "r2": [
                -633.7442626953125,
                -333.5868225097656,
                -27.587743759155273,
                -70.76902770996094,
                -39.60719680786133,
                -13.73135757446289,
                -2.590003490447998,
                -6.234825611114502,
                -1.9784321784973145,
                -1.4062159061431885
            ],
            "root_mean_squared_error": [
                6.890131950378418,
                5.002447605133057,
                1.4622379541397095,
                2.316843271255493,
                1.7427281141281128,
                1.0496621131896973,
                0.5181739330291748,
                0.7356007695198059,
                0.47197824716567993,
                0.4242241680622101
            ],
            "root_mean_squared_percentage_error": [
                2.59326434135437,
                1.682969331741333,
                0.5502123832702637,
                0.8249885439872742,
                0.6431757211685181,
                0.38189202547073364,
                0.18809783458709717,
                0.25937625765800476,
                0.17056773602962494,
                0.15118104219436646
            ]
        },
        "combined": {
            "loss": [
                47.466636657714844,
                25.04195213317871,
                2.1378583908081055,
                5.364454746246338,
                3.0392565727233887,
                1.1030831336975098,
                0.26932287216186523,
                0.5427126884460449,
                0.22301927208900452,
                0.1807098388671875
            ]
        }
    },
    "training": {
        "Close_next": {
            "loss": [
                67.91399383544922,
                25.901111602783203,
                10.168972969055176,
                2.6445324420928955,
                6.286500453948975,
                1.4191099405288696,
                0.55328768491745,
                0.6986891627311707,
                0.728782594203949,
                0.3152136206626892
            ],
            "mean_absolute_error": [
                7.0243706703186035,
                4.380973815917969,
                2.5846352577209473,
                1.3264282941818237,
                2.2156572341918945,
                0.9753025770187378,
                0.5800929665565491,
                0.6846305131912231,
                0.725657045841217,
                0.44282662868499756
            ],
            "mean_squared_error": [
                67.91399383544922,
                25.901107788085938,
                10.16897201538086,
                2.6445324420928955,
                6.286500453948975,
                1.4191101789474487,
                0.55328768491745,
                0.6986891627311707,
                0.7287825345993042,
                0.3152136206626892
            ],
            "r2": [
                -867.1598510742188,
                -330.10211181640625,
                -128.9932098388672,
                -32.80490493774414,
                -79.36293029785156,
                -17.140804290771484,
                -6.072853088378906,
                -7.931368827819824,
                -8.316122055053711,
                -3.029446601867676
            ],
            "root_mean_squared_error": [
                8.240994453430176,
                5.08931303024292,
                3.18888258934021,
                1.626201868057251,
                2.507289409637451,
                1.1912641525268555,
                0.7438331246376038,
                0.8358762860298157,
                0.853687584400177,
                0.5614388585090637
            ],
            "root_mean_squared_percentage_error": [
                2.6199607849121094,
                1.7649726867675781,
                1.0439350605010986,
                0.5800632238388062,
                0.8641058802604675,
                0.41504478454589844,
                0.26195141673088074,
                0.27708977460861206,
                0.2840990722179413,
                0.19748441874980927
            ]
        },
        "combined": {
            "loss": [
                66.24523162841797,
                25.757612228393555,
                9.929593086242676,
                2.799971342086792,
                6.4310688972473145,
                1.4485691785812378,
                0.5560652017593384,
                0.6748751997947693,
                0.6984672546386719,
                0.34414389729499817
            ]
        }
    },
    "validation": {
        "Close_next": {
            "loss": [
                48.20060729980469,
                26.205785751342773,
                2.643840789794922,
                5.670130252838135,
                3.18965744972229,
                1.2104194164276123,
                0.3251952826976776,
                0.5613880157470703,
                0.22767633199691772,
                0.19765013456344604
            ],
            "mean_absolute_error": [
                6.611905097961426,
                4.5222554206848145,
                1.3055654764175415,
                2.249516487121582,
                1.604068398475647,
                0.9157016277313232,
                0.4446658194065094,
                0.6265473365783691,
                0.3703549802303314,
                0.3348104953765869
            ],
            "mean_squared_error": [
                48.20060729980469,
                26.205785751342773,
                2.643840789794922,
                5.670130252838135,
                3.18965744972229,
                1.2104194164276123,
                0.3251952826976776,
                0.5613880157470703,
                0.22767633199691772,
                0.19765013456344604
            ],
            "r2": [
                -592.9912719726562,
                -321.9421691894531,
                -31.580883026123047,
                -68.87480163574219,
                -38.307151794433594,
                -13.916379928588867,
                -3.007483959197998,
                -5.918160915374756,
                -1.8057270050048828,
                -1.4357049465179443
            ],