{
    "evaluation_frequency": {
        "frequency": 1,
        "period": "epoch"
    },
    "test": {
        "combined": {
            "loss": [
                17.068405151367188,
                7.390016078948975,
                3.855003833770752,
                2.8945083618164062,
                2.2866530418395996,
                1.8723046779632568,
                1.6054999828338623,
                1.5121229887008667,
                1.5569361448287964,
                1.65402090549469
            ]
        },
        "rating": {
            "loss": [
                17.995094299316406,
                7.809498310089111,
                4.134040355682373,
                2.9194037914276123,
                2.451061725616455,
                1.959551215171814,
                1.672102928161621,
                1.596892237663269,
                1.621933937072754,
                1.7089104652404785
            ],
            "mean_absolute_error": [
                2.476980686187744,
                1.6855121850967407,
                1.3398711681365967,
                1.2335608005523682,
                1.1249018907546997,
                1.0880860090255737,
                0.9996855854988098,
                0.9865702986717224,
                0.9902933239936829,
                1.0475153923034668
            ],
            "mean_squared_error": [
                17.995094299316406,
                7.8094987869262695,
                4.134040355682373,
                2.9194037914276123,
                2.451061487197876,
                1.9595510959625244,
                1.6721028089523315,
                1.5968921184539795,
                1.621933937072754,
                1.7089107036590576
            ],
            "r2": [
                -15.39494514465332,
                -6.115067481994629,
                -2.7664361000061035,
                -1.659806251525879,
                -1.233109712600708,
                -0.7853051424026489,
                -0.5234171152114868,
                -0.4548943042755127,
                -0.4777092933654785,
                -0.5569519996643066
            ],
            "root_mean_squared_error": [
                4.242062568664551,
                2.7945480346679688,
                2.033233880996704,
                1.7086262702941895,
                1.5655866861343384,
                1.3998396396636963,
                1.2930980920791626,
                1.2636820077896118,
                1.2735517024993896,
                1.307253122329712
            ],
            "root_mean_squared_percentage_error": [
                1.3776016235351562,
                0.9962531924247742,
                0.7610434293746948,
                0.6982478499412537,
                0.6517304182052612,
                0.6444119215011597,
                0.6320320963859558,
                0.6455094218254089,
                0.6190186738967896,
                0.572200357913971
            ]
        }
    },
    "training": {
        "combined": {
            "loss": [
                29.857017517089844,
                9.715495109558105,
                2.545464277267456,
                1.254263997077942,
                0.8915262222290039,
                0.5803067088127136,
                0.3399089276790619,
                0.2468758076429367,
                0.19049042463302612,
                0.22470998764038086
            ]
        },
        "rating": {
            "loss": [
                29.96640396118164,
                9.756972312927246,
                2.551936149597168,
                1.251328706741333,
                0.8905004262924194,
                0.581098735332489,
                0.3411484360694885,
                0.2471763640642166,
                0.18960106372833252,
                0.22399309277534485
            ],
            "mean_absolute_error": [
                3.023007392883301,
                1.5218706130981445,
                1.0943546295166016,
                0.7562116980552673,
                0.6160798072814941,
                0.4624393880367279,
                0.38254719972610474,
                0.3186735510826111,
                0.27556708455085754,
                0.3378891050815582
            ],
            "mean_squared_error": [
                29.96640396118164,
                9.756973266601562,
                2.551936388015747,
                1.2513283491134644,
                0.890500545501709,
                0.5810988545417786,
                0.3411484956741333,
                0.2471764087677002,
                0.18960101902484894,
                0.22399304807186127
            ],
            "r2": [
                -25.826427459716797,
                -7.73460578918457,
                -1.2845361232757568,
                -0.12021017074584961,
                0.20280897617340088,
                0.4797905683517456,
                0.6945981383323669,
                0.7787235379219055,
                0.830265998840332,
                0.7994776964187622
            ],
            "root_mean_squared_error": [
                5.474157810211182,
                3.1236155033111572,
                1.5974781513214111,
                1.118627905845642,
                0.9436633586883545,
                0.7622984051704407,
                0.5840792059898376,
                0.4971683919429779,
                0.43543198704719543,
                0.47327902913093567
            ],
            "root_mean_squared_percentage_error": [
                1.7594815492630005,
                0.8813518285751343,
                0.5761423707008362,
                0.4463099539279938,
                0.37216347455978394,
                0.27767837047576904,
                0.21704591810703278,
                0.18726398050785065,
                0.1575286090373993,
                0.1664055436849594
            ]
        }
    },
    "validation": {
        "combined": {
            "loss": [
                23.783124923706055,
                11.343840599060059,
                4.613323211669922,
                2.8623297214508057,
                2.848280668258667,
                1.9154419898986816,
                1.4143917560577393,
                1.4776209592819214,
                1.1769871711730957,
                1.6094132661819458
            ]
        },
        "rating": {
            "loss": [
                29.947229385375977,
                14.153302192687988,
                5.443089485168457,
                3.5116610527038574,
                3.240788698196411,
                2.2889628410339355,
                1.6317683458328247,
                1.7266324758529663,
                1.340347170829773,
                1.8154094219207764
            ],
            "mean_absolute_error": [
                2.5607330799102783,
                1.6880213022232056,
                1.3773740530014038,
                1.2194188833236694,
                1.1546369791030884,
                1.0875710248947144,
                0.9665246605873108,
                0.9764049053192139,
                0.9197258353233337,
                1.0449188947677612
            ],
            "mean_squared_error": [
                29.94723129272461,
                14.153302192687988,
                5.443089485168457,
                3.5116608142852783,
                3.2407889366149902,
                2.2889628410339355,
                1.6317683458328247,
                1.7266322374343872,
                1.3403470516204834,
                1.8154094219207764
            ],