{
    "evaluation_frequency": {
        "frequency": 1,
        "period": "epoch"
    },
    "test": {
        "Close_next": {
            "loss": [
                47.885379791259766,
                25.30080795288086,
                4.350500106811523,
                2.827002763748169,
                2.026327610015869,
                0.4893580377101898,
                0.4105091691017151,
                1.8332571983337402,
                0.5469949245452881,
                0.23274345695972443
            ],
            "mean_absolute_error": [
                6.625178337097168,
                4.499874114990234,
                1.8741953372955322,
                1.530763030052185,
                1.218540906906128,
                0.5336396098136902,
                0.5271473526954651,
                1.2693182229995728,
                0.639125645160675,
                0.3719542920589447
            ],
            "mean_squared_error": [
                47.885379791259766,
                25.300806045532227,
                4.350500106811523,
                2.827003002166748,
                2.026327610015869,
                0.4893580377101898,
                0.4105091989040375,
                1.8332571983337402,
                0.5469949245452881,
                0.23274345695972443
            ],
            "r2": [
                -639.2457275390625,
                -337.2813720703125,
                -57.167842864990234,
                -36.79810333251953,
                -26.092769622802734,
                -5.54290246963501,
                -4.488664150238037,
                -23.51134490966797,
                -6.313529968261719,
                -2.111868381500244
            ],
            "root_mean_squared_error": [
                6.919926166534424,
                5.0299906730651855,
                2.085785150527954,
                1.681369423866272,
                1.423491358757019,
                0.6995413303375244,
                0.6407099366188049,
                1.3539782762527466,
                0.7395910620689392,
                0.4824349284172058
            ],
            "root_mean_squared_percentage_error": [
                2.6039440631866455,
                1.6888837814331055,
                0.7860255837440491,
                0.5982339382171631,
                0.5328258275985718,
                0.25023308396339417,
                0.23534297943115234,
                0.4982808828353882,
                0.2663676142692566,
                0.1752348244190216
            ]
        },
        "combined": {
            "loss": [
                47.87800598144531,
                25.318696975708008,
                4.3486714363098145,
                2.8247532844543457,
                2.027534246444702,
                0.4887123107910156,
                0.41112393140792847,
                1.8328118324279785,
                0.5466325283050537,
                0.2328154742717743
            ]
        }
    },
    "training": {
        "Close_next": {
            "loss": [
                68.01554870605469,
                26.07571792602539,
                11.102005004882812,
                5.093389511108398,
                4.400959014892578,
                1.3255373239517212,
                0.9601722955703735,
                0.6538938283920288,
                1.6693519353866577,
                1.0644855499267578
            ],
            "mean_absolute_error": [
                6.95990514755249,
                4.4020094871521,
                2.7644832134246826,
                1.926279902458191,
                1.8183698654174805,
                0.9195178747177124,
                0.8055669665336609,
                0.6478082537651062,
                1.137526512145996,
                0.9142824411392212
            ],
            "mean_squared_error": [
                68.01556396484375,
                26.075712203979492,
                11.102005004882812,
                5.09338903427124,
                4.400959014892578,
                1.3255373239517212,
                0.9601724147796631,
                0.6538938283920288,
                1.6693520545959473,
                1.0644854307174683
            ],
            "r2": [
                -868.4453735351562,
                -332.3267822265625,
                -140.92047119140625,
                -64.10897827148438,
                -55.25762176513672,
                -15.94464111328125,
                -11.273828506469727,
                -7.358748435974121,
                -20.339387893676758,
                -12.607254981994629
            ],
            "root_mean_squared_error": [
                8.24715518951416,
                5.106438159942627,
                3.3319671154022217,
                2.2568538188934326,
                2.097846269607544,
                1.1513198614120483,
                0.9798838496208191,
                0.8086370229721069,
                1.2920340299606323,
                1.0317389965057373
            ],
            "root_mean_squared_percentage_error": [
                2.5909206867218018,
                1.7668530941009521,
                1.111878514289856,
                0.7438272833824158,
                0.6973433494567871,
                0.3960724472999573,
                0.34085795283317566,
                0.28796616196632385,
                0.4354419410228729,
                0.364420622587204
            ]
        },
        "combined": {
            "loss": [
                66.20166015625,
                25.746349334716797,
                10.969847679138184,
                4.873706817626953,
                4.278840065002441,
                1.2928667068481445,
                0.959415078163147,
                0.6778744459152222,
                1.6187056303024292,
                1.078374981880188
            ]
        }
    },
    "validation": {
        "Close_next": {
            "loss": [
                48.61608123779297,
                26.50409698486328,
                4.845498561859131,
                3.1360762119293213,
                2.1999611854553223,
                0.6317183375358582,
                0.5365123748779297,
                1.9032750129699707,
                0.5808354616165161,
                0.24579569697380066
            ],
            "mean_absolute_error": [
                6.643840312957764,
                4.524242401123047,
                1.9473077058792114,
                1.611566185951233,
                1.2207472324371338,
                0.567929744720459,
                0.5667017698287964,
                1.2882075309753418,
                0.6503622531890869,
                0.376055508852005
            ],
            "mean_squared_error": [
                48.61608123779297,
                26.50409698486328,
                4.845498561859131,
                3.1360762119293213,
                2.1999611854553223,
                0.6317183375358582,
                0.5365123748779297,
                1.9032750129699707,
                0.5808354616165161,
                0.24579569697380066
            ],
            "r2": [
                -598.1112670898438,
                -325.61834716796875,
                -58.71260070800781,
                -37.646854400634766,
                -26.110815048217773,
                -6.7848639488220215,
                -5.611611366271973,
                -22.45465850830078,
                -6.15781831741333,
                -2.029017925262451
            ],
            "root_mean_squared_error": [
                6.972523212432861,
                5.148212909698486,
                2.201249361038208,
                1.7708970308303833,
                1.4832266569137573,
                0.7948071360588074,
                0.7324700355529785,
                1.3795922994613647,
                0.7621256113052368,
                0.4957778751850128
            ],