{
    "evaluation_frequency": {
        "frequency": 1,
        "period": "epoch"
    },
    "test": {
        "Close_next": {
            "loss": [
                0.01805686764419079,
                0.013403095304965973,
                0.08722813427448273,
                0.4359878599643707,
                0.4034801125526428,
                1.412776231765747,
                0.2121323198080063
            ],
            "mean_absolute_error": [
                0.10819005221128464,
                0.09342339634895325,
                0.2846751809120178,
                0.655480682849884,
                0.6305884122848511,
                1.1853944063186646,
                0.4566004276275635
            ],
            "mean_squared_error": [
                0.01805686764419079,
                0.013403095304965973,
                0.08722813427448273,
                0.4359878599643707,
                0.4034801125526428,
                1.412776231765747,
                0.2121323198080063
            ],
            "r2": [
                0.7585728168487549,
                0.8207955360412598,
                -0.1662733554840088,
                -4.8293232917785645,
                -4.39468240737915,
                -17.889354705810547,
                -1.836289644241333
            ],
            "root_mean_squared_error": [
                0.13437584042549133,
                0.11577174067497253,
                0.2953440845012665,
                0.6602937579154968,
                0.6352008581161499,
                1.1886026859283447,
                0.46057823300361633
            ],
            "root_mean_squared_percentage_error": [
                0.04553382843732834,
                0.04218831658363342,
                0.10758862644433975,
                0.236929789185524,
                0.2275618016719818,
                0.42697781324386597,
                0.16560912132263184
            ]
        },
        "combined": {
            "loss": [
                0.01811855658888817,
                0.013398371636867523,
                0.08722175657749176,
                0.4360054135322571,
                0.4034930467605591,
                1.4128644466400146,
                0.21215185523033142
            ]
        }
    },
    "training": {
        "Close_next": {
            "loss": [
                1.7861928939819336,
                0.029971064999699593,
                0.022047536447644234,
                0.18508204817771912,
                0.5994359254837036,
                0.6984606981277466,
                0.46810999512672424
            ],
            "mean_absolute_error": [
                0.9973719120025635,
                0.14245593547821045,
                0.12285593897104263,
                0.35548168420791626,
                0.6909121870994568,
                0.7711774110794067,
                0.5610249042510986
            ],
            "mean_squared_error": [
                1.786192536354065,
                0.029971063137054443,
                0.022047536447644234,
                0.18508204817771912,
                0.5994359254837036,
                0.6984606981277466,
                0.468110054731369
            ],
            "r2": [
                -21.833637237548828,
                0.6168760061264038,
                0.7181593179702759,
                -1.3659453392028809,
                -6.662554740905762,
                -7.928646087646484,
                -4.983823776245117
            ],
            "root_mean_squared_error": [
                1.3364851474761963,
                0.17312152683734894,
                0.14848412573337555,
                0.4302116334438324,
                0.7742324471473694,
                0.8357396125793457,
                0.6841856837272644
            ],
            "root_mean_squared_percentage_error": [
                0.3553646206855774,
                0.06118838116526604,
                0.05136031284928322,
                0.14157573878765106,
                0.2421218901872635,
                0.2849401831626892,
                0.19538560509681702
            ]
        },
        "combined": {
            "loss": [
                1.698994755744934,
                0.030712084844708443,
                0.021258661523461342,
                0.2138250172138214,
                0.5702288746833801,
                0.7244154810905457,
                0.44349953532218933
            ]
        }
    },
    "validation": {
        "Close_next": {
            "loss": [
                0.020088154822587967,
                0.012590257450938225,
                0.0891680121421814,
                0.43964728713035583,
                0.4059610962867737,
                1.4138647317886353,
                0.21235491335391998
            ],
            "mean_absolute_error": [
                0.1133250743150711,
                0.08945608884096146,
                0.2880666255950928,
                0.657771646976471,
                0.6319910287857056,
                1.185943603515625,
                0.4569559693336487
            ],
            "mean_squared_error": [
                0.020088154822587967,
                0.012590257450938225,
                0.0891680121421814,
                0.43964728713035583,
                0.4059610962867737,
                1.4138647317886353,
                0.21235491335391998
            ],
            "r2": [
                0.7524473667144775,
                0.8448463082313538,
                -0.0988454818725586,
                -4.417912006378174,
                -4.002786159515381,
                -16.423500061035156,
                -1.6169164180755615
            ],
            "root_mean_squared_error": [
                0.14173269271850586,
                0.11220631748437881,
                0.298610121011734,
                0.6630590558052063,
                0.637150764465332,
                1.1890604496002197,
                0.4608198404312134
            ],
            "root_mean_squared_percentage_error": [
                0.0474567785859108,
                0.040921878069639206,
                0.10837502032518387,
                0.23730811476707458,
                0.2276422679424286,
                0.4270564019680023,
                0.1658453792333603
            ]
        },
        "combined": {
            "loss": [
                0.020088154822587967,
                0.012590257450938225,
                0.0891680121421814,
                0.43964728713035583,
                0.4059610962867737,
                1.4138647317886353,
                0.21235491335391998
            ]
        }
    }
}