{
    "evaluation_frequency": {
        "frequency": 1,
        "period": "epoch"
    },
    "test": {
        "airline_sentiment": {
            "accuracy": [
                0.3311432898044586,
                0.44553717970848083,
                0.5221208333969116,
                0.5161410570144653,
                0.5209011435508728,
                0.5122469067573547,
                0.537789523601532,
                0.6435059905052185,
                0.6693798303604126,
                0.6375799179077148,
                0.6534886956214905,
                0.6722807288169861,
                0.7022005319595337,
                0.6798566579818726,
                0.6922561526298523,
                0.6856082677841187,
                0.6708436012268066,
                0.6598892211914062
            ],
            "loss": [
                1.7531882524490356,
                1.1256835460662842,
                0.7813899517059326,
                0.7087320685386658,
                0.7399449944496155,
                0.8143649101257324,
                0.8001792430877686,
                0.8327702283859253,
                0.8858415484428406,
                0.966760516166687,
                0.9263859987258911,
                1.0287981033325195,
                1.1424981355667114,
                1.0462700128555298,
                1.0334768295288086,
                1.1396987438201904,
                1.2730302810668945,
                1.4069023132324219
            ],
            "roc_auc": [
                0.626036524772644,
                0.7518727779388428,
                0.8013269901275635,
                0.8366812467575073,
                0.8366786241531372,
                0.8337448835372925,
                0.8402986526489258,
                0.8532145023345947,
                0.8654584884643555,
                0.861268937587738,
                0.8615063428878784,
                0.8626447916030884,
                0.8590371012687683,
                0.8558176755905151,
                0.8568028211593628,
                0.8570674657821655,
                0.8565391302108765,
                0.8548687696456909
            ]
        },
        "combined": {
            "loss": [
                1.7531882524490356,
                1.1256835460662842,
                0.7813899517059326,
                0.7087320685386658,
                0.7399449944496155,
                0.8143649101257324,
                0.8001792430877686,
                0.8327702283859253,
                0.8858415484428406,
                0.966760516166687,
                0.9263859987258911,
                1.0287981033325195,
                1.1424981355667114,
                1.0462700128555298,
                1.0334768295288086,
                1.1396987438201904,
                1.2730302810668945,
                1.4069023132324219
            ]
        }
    },
    "training": {
        "airline_sentiment": {
            "accuracy": [
                0.34252241253852844,
                0.348232239484787,
                0.42338085174560547,
                0.5477734804153442,
                0.6114437580108643,
                0.651809573173523,
                0.7330379486083984,
                0.824208676815033,
                0.871098518371582,
                0.8806576728820801,
                0.8994393348693848,
                0.9305868148803711,
                0.9312991499900818,
                0.9537713527679443,
                0.9602627754211426,
                0.9692392349243164,
                0.9760894775390625,
                0.9821874499320984
            ],
            "loss": [
                9.630358695983887,
                1.1076945066452026,
                0.92967289686203,
                0.5584712624549866,
                0.4561045467853546,
                0.4300067126750946,
                0.3837059736251831,
                0.30932411551475525,
                0.269471138715744,
                0.19583968818187714,
                0.1589490920305252,
                0.12134511023759842,
                0.1202261671423912,
                0.08503004908561707,
                0.08543020486831665,
                0.058515116572380066,
                0.10177666693925858,
                0.0353504978120327
            ],
            "roc_auc": [
                0.5136313438415527,
                0.5524319410324097,
                0.6617310047149658,
                0.8400804996490479,
                0.8960205912590027,
                0.9171038866043091,
                0.9359596967697144,
                0.9731976389884949,
                0.9833999872207642,
                0.9847248792648315,
                0.9870988726615906,
                0.9924601912498474,
                0.9943112134933472,
                0.996068000793457,
                0.9972051382064819,
                0.9981875419616699,
                0.998769998550415,
                0.9992393851280212
            ]
        },
        "combined": {
            "loss": [
                9.630358695983887,
                1.1076945066452026,
                0.92967289686203,
                0.5584712624549866,
                0.4561045467853546,
                0.4300067126750946,
                0.3837059736251831,
                0.30932411551475525,
                0.269471138715744,
                0.19583968818187714,
                0.1589490920305252,
                0.12134511023759842,
                0.1202261671423912,
                0.08503004908561707,
                0.08543020486831665,
                0.058515116572380066,
                0.10177666693925858,
                0.0353504978120327
            ]
        }
    },
    "validation": {
        "airline_sentiment": {
            "accuracy": [
                0.3017532527446747,
                0.44287407398223877,
                0.5040282011032104,
                0.5180463194847107,
                0.5139772891998291,
                0.5097302794456482,
                0.5524874329566956,
                0.6339691281318665,
                0.6485009789466858,
                0.6575034260749817,
                0.6619664430618286,
                0.6783324480056763,
                0.7085841298103333,
                0.6927852034568787,
                0.6932418346405029,
                0.673187792301178,
                0.6693016290664673,
                0.6596643924713135
            ],
            "loss": [
                1.7077100276947021,
                1.1476980447769165,
                0.7903755307197571,
                0.7460886836051941,
                0.765609085559845,
                0.8456391096115112,
                0.8547465801239014,
                0.9399717450141907,
                0.995977520942688,
                0.9799143671989441,
                1.0596803426742554,
                1.160532832145691,
                1.143466591835022,
                1.072214961051941,
                1.1162348985671997,
                1.248908519744873,
                1.3525525331497192,
                1.495119571685791
            ],
            "roc_auc": [
                0.629713237285614,
                0.7544094920158386,
                0.7986995577812195,
                0.8370479345321655,
                0.8400704264640808,
                0.8361873030662537,
                0.8417264819145203,
                0.8527734279632568,
                0.8637741804122925,
                0.8604364395141602,
                0.8624822497367859,
                0.8647646903991699,
                0.8625689744949341,
                0.8600694537162781,
                0.8611905574798584,
                0.8614310026168823,
                0.8605884313583374,
                0.8595681190490723
            ]
        },