{
    "evaluation_frequency": {
        "frequency": 1,
        "period": "epoch"
    },
    "test": {
        "Seattle_next": {
            "loss": [
                82155.328125,
                78824.4765625,
                75571.09375,
                72348.8125,
                69109.40625,
                65811.0390625,
                62424.14453125,
                58934.546875,
                55342.65234375,
                51660.31640625
            ],
            "mean_absolute_error": [
                286.5502624511719,
                280.67816162109375,
                274.82159423828125,
                268.895263671875,
                262.8027648925781,
                256.45062255859375,
                249.75997924804688,
                242.673583984375,
                235.15652465820312,
                227.19210815429688
            ],
            "mean_squared_error": [
                82155.3203125,
                78824.4765625,
                75571.09375,
                72348.8125,
                69109.4140625,
                65811.0390625,
                62424.1484375,
                58934.546875,
                55342.65234375,
                51660.3203125
            ],
            "r2": [
                -1929.42138671875,
                -1851.1558837890625,
                -1774.7103271484375,
                -1698.9957275390625,
                -1622.87890625,
                -1545.376220703125,
                -1465.7938232421875,
                -1383.7978515625,
                -1299.3983154296875,
                -1212.8736572265625
            ],
            "root_mean_squared_error": [
                286.62750244140625,
                280.7569580078125,
                274.9019775390625,
                268.97735595703125,
                262.8866882324219,
                256.53662109375,
                249.84825134277344,
                242.76438903808594,
                235.2501983642578,
                227.2890625
            ],
            "root_mean_squared_percentage_error": [
                1.0076402425765991,
                0.9869793057441711,
                0.9663727879524231,
                0.9455212950706482,
                0.9240854382514954,
                0.9017365574836731,
                0.8781970143318176,
                0.8532657623291016,
                0.826819896697998,
                0.7988009452819824
            ]
        },
        "combined": {
            "loss": [
                82143.1484375,
                78812.515625,
                75559.359375,
                72337.3203125,
                69098.1875,
                65800.09375,
                62413.51171875,
                58924.24609375,
                55332.703125,
                51650.73828125
            ]
        }
    },
    "training": {
        "Seattle_next": {
            "loss": [
                84162.3046875,
                80769.4765625,
                77474.453125,
                74237.59375,
                71011.53125,
                67749.7109375,
                64414.93359375,
                60985.3515625,
                57450.92578125,
                53818.79296875
            ],
            "mean_absolute_error": [
                290.0116882324219,
                284.1034240722656,
                278.2449645996094,
                272.3674621582031,
                266.3802185058594,
                260.186279296875,
                253.69776916503906,
                246.8451385498047,
                239.57977294921875,
                231.87582397460938
            ],
            "mean_squared_error": [
                84162.3046875,
                80769.484375,
                77474.453125,
                74237.5859375,
                71011.5390625,
                67749.6953125,
                64414.9296875,
                60985.34375,
                57450.91796875,
                53818.796875
            ],
            "r2": [
                -1659.9932861328125,
                -1593.033935546875,
                -1527.7606201171875,
                -1464.1229248046875,
                -1400.6785888671875,
                -1335.867431640625,
                -1270.4698486328125,
                -1202.9661865234375,
                -1133.18994140625,
                -1061.3154296875
            ],
            "root_mean_squared_error": [
                290.1073913574219,
                284.1997375488281,
                278.3423156738281,
                272.46575927734375,
                266.4798889160156,
                260.2877197265625,
                253.80096435546875,
                246.9521026611328,
                239.689208984375,
                231.98878479003906
            ],
            "root_mean_squared_percentage_error": [
                150.21475219726562,
                228.59266662597656,
                343.6570129394531,
                920.983642578125,
                1453.8310546875,
                1705.234619140625,
                1647.4071044921875,
                2054.010498046875,
                2878.47998046875,
                2684.04931640625
            ]
        },
        "combined": {
            "loss": [
                84112.765625,
                80723.25,
                77423.9375,
                74186.9140625,
                70963.8359375,
                67701.7734375,
                64367.796875,
                60928.375,
                57397.28125,
                53761.1171875
            ]
        }
    },
    "validation": {
        "Seattle_next": {
            "loss": [
                82096.4453125,
                78766.8828125,
                75514.734375,
                72293.6953125,
                69055.5625,
                65758.4921875,
                62373.0,
                58884.87109375,
                55294.54296875,
                51613.87109375
            ],
            "mean_absolute_error": [
                286.44757080078125,
                280.57562255859375,
                274.7190856933594,
                268.7928161621094,
                262.7003173828125,
                256.3482666015625,
                249.65765380859375,
                242.57130432128906,
                235.0542755126953,
                227.08998107910156
            ],
            "mean_squared_error": [
                82096.453125,
                78766.8828125,
                75514.7421875,
                72293.703125,
                69055.5703125,
                65758.4921875,
                62373.0,
                58884.87109375,
                55294.54296875,
                51613.87109375
            ],
            "r2": [
                -1930.28466796875,
                -1851.957763671875,
                -1775.4525146484375,
                -1699.678955078125,
                -1623.5032958984375,
                -1545.94091796875,
                -1466.298583984375,
                -1384.241943359375,
                -1299.7808837890625,
                -1213.1947021484375
            ],
            "root_mean_squared_error": [
                286.5247802734375,
                280.6543884277344,
                274.7994689941406,
                268.8748779296875,
                262.7842712402344,
                256.4341735839844,
                249.74586486816406,
                242.66204833984375,
                235.14791870117188,
                227.18685913085938
            ],
            "root_mean_squared_percentage_error": [
                1.0076239109039307,
                0.9869621992111206,
                0.9663547873497009,
                0.9455021619796753,
                0.9240649938583374,
                0.9017146825790405,
                0.8781737685203552,
                0.8532407879829407,
                0.8267931342124939,
                0.7987724542617798
            ]
        },