{
    "evaluation_frequency": {
        "frequency": 1,
        "period": "epoch"
    },
    "test": {
        "airline_sentiment": {
            "accuracy": [
                0.3326164782047272,
                0.4734798073768616,
                0.5105764269828796,
                0.5494109988212585,
                0.5106509923934937,
                0.5179532170295715,
                0.5935620069503784,
                0.6121720671653748,
                0.5664613246917725,
                0.5893703699111938,
                0.6954339146614075,
                0.6253095269203186,
                0.6734263896942139,
                0.6498713493347168,
                0.7139142751693726,
                0.6372315883636475,
                0.7040266394615173,
                0.6693432331085205,
                0.7033488750457764,
                0.6517699956893921
            ],
            "loss": [
                1.9446377754211426,
                1.0092573165893555,
                0.7786546945571899,
                0.6996556520462036,
                0.7363563776016235,
                0.7942779064178467,
                0.8895996809005737,
                1.1143161058425903,
                1.2020845413208008,
                1.0708730220794678,
                0.9621782302856445,
                1.0404096841812134,
                1.2091543674468994,
                0.9101254940032959,
                0.9906301498413086,
                1.100840449333191,
                1.1257468461990356,
                0.9748414158821106,
                1.2376656532287598,
                1.388375997543335
            ],
            "roc_auc": [
                0.5611377358436584,
                0.742368221282959,
                0.8131617307662964,
                0.838646411895752,
                0.843582808971405,
                0.8463093638420105,
                0.8479425311088562,
                0.8599058985710144,
                0.8583709001541138,
                0.8600543737411499,
                0.8627122640609741,
                0.8638672828674316,
                0.8648905158042908,
                0.8610097765922546,
                0.8680168986320496,
                0.8632065653800964,
                0.8621670603752136,
                0.8647850751876831,
                0.8624334335327148,
                0.8567613363265991
            ]
        },
        "combined": {
            "loss": [
                1.9446377754211426,
                1.0092573165893555,
                0.7786546945571899,
                0.6996556520462036,
                0.7363563776016235,
                0.7942779064178467,
                0.8895996809005737,
                1.1143161058425903,
                1.2020845413208008,
                1.0708730220794678,
                0.9621782302856445,
                1.0404096841812134,
                1.2091543674468994,
                0.9101254940032959,
                0.9906301498413086,
                1.100840449333191,
                1.1257468461990356,
                0.9748414158821106,
                1.2376656532287598,
                1.388375997543335
            ]
        }
    },
    "training": {
        "airline_sentiment": {
            "accuracy": [
                0.3403454124927521,
                0.3462661802768707,
                0.41421160101890564,
                0.5724078416824341,
                0.630043089389801,
                0.6870126724243164,
                0.7952995300292969,
                0.8173784017562866,
                0.7937531471252441,
                0.7405331134796143,
                0.8430781364440918,
                0.9100406169891357,
                0.9005777835845947,
                0.8819612264633179,
                0.9187380075454712,
                0.9560989141464233,
                0.9220505952835083,
                0.9478819370269775,
                0.9474525451660156,
                0.9726488590240479
            ],
            "loss": [
                9.590229988098145,
                1.2483407258987427,
                0.7687106728553772,
                0.5747556686401367,
                0.45227643847465515,
                0.39982542395591736,
                0.3231579065322876,
                0.24340133368968964,
                0.3625814616680145,
                0.4062882661819458,
                0.23642569780349731,
                0.17928236722946167,
                0.2829623222351074,
                0.22786845266819,
                0.12528759241104126,
                0.16770018637180328,
                0.11835655570030212,
                0.1544266790151596,
                0.07855100184679031,
                0.07819492369890213
            ],
            "roc_auc": [
                0.5150049328804016,
                0.5260475873947144,
                0.7283796668052673,
                0.8520878553390503,
                0.9012060165405273,
                0.9294907450675964,
                0.962516188621521,
                0.9768027067184448,
                0.9770123958587646,
                0.9818636775016785,
                0.9834991693496704,
                0.9873661398887634,
                0.9902817010879517,
                0.9929832220077515,
                0.9943833351135254,
                0.995851993560791,
                0.9967858791351318,
                0.9966349601745605,
                0.9980610609054565,
                0.9982994794845581
            ]
        },
        "combined": {
            "loss": [
                9.590229988098145,
                1.2483407258987427,
                0.7687106728553772,
                0.5747556686401367,
                0.45227643847465515,
                0.39982542395591736,
                0.3231579065322876,
                0.24340133368968964,
                0.3625814616680145,
                0.4062882661819458,
                0.23642569780349731,
                0.17928236722946167,
                0.2829623222351074,
                0.22786845266819,
                0.12528759241104126,
                0.16770018637180328,
                0.11835655570030212,
                0.1544266790151596,
                0.07855100184679031,
                0.07819492369890213
            ]
        }
    },
    "validation": {
        "airline_sentiment": {
            "accuracy": [
                0.3333333432674408,
                0.47511985898017883,
                0.5140356421470642,
                0.5522722005844116,
                0.5091763734817505,
                0.530860960483551,
                0.6029006838798523,
                0.6275186538696289,
                0.578761637210846,
                0.5937672257423401,
                0.7092015147209167,
                0.6235328912734985,
                0.7011950016021729,
                0.6511614918708801,
                0.719182550907135,
                0.6458537578582764,
                0.7137320637702942,
                0.671477198600769,
                0.7055458426475525,
                0.6540617346763611
            ],
            "loss": [
                1.902540922164917,
                1.0144516229629517,
                0.7922252416610718,
                0.7299199104309082,
                0.7659059762954712,
                0.8178371787071228,
                0.9728981256484985,
                1.1884855031967163,
                1.143481969833374,
                1.1839748620986938,
                0.9025031924247742,
                1.170535922050476,
                1.1152302026748657,
                1.0266505479812622,
                0.9714813232421875,
                1.2742047309875488,
                1.122085452079773,
                1.108870267868042,
                1.3140292167663574,
                1.614769458770752
            ],