{
    "evaluation_frequency": {
        "frequency": 1,
        "period": "epoch"
    },
    "test": {
        "Close_next": {
            "loss": [
                3.147284984588623,
                10.166600227355957,
                0.9589804410934448,
                0.2784348428249359,
                0.3691006898880005,
                1.798717737197876,
                0.24827180802822113,
                5.192432403564453,
                0.31105291843414307,
                0.4847007095813751,
                0.2765151858329773,
                0.5755940079689026
            ],
            "mean_absolute_error": [
                1.3204050064086914,
                3.091752290725708,
                0.7311059832572937,
                0.3751581609249115,
                0.4633678197860718,
                1.2441152334213257,
                0.3514743149280548,
                2.2434511184692383,
                0.4374731183052063,
                0.5992027521133423,
                0.4131636619567871,
                0.6812180876731873
            ],
            "mean_squared_error": [
                3.147284984588623,
                10.166600227355957,
                0.9589804410934448,
                0.2784348428249359,
                0.3691006898880005,
                1.7987178564071655,
                0.24827180802822113,
                5.192432403564453,
                0.31105291843414307,
                0.4847007095813751,
                0.2765151858329773,
                0.5755940079689026
            ],
            "r2": [
                -41.08039855957031,
                -134.93130493164062,
                -11.821932792663574,
                -2.7227797508239746,
                -3.935016632080078,
                -23.049541473388672,
                -2.319488286972046,
                -68.42478942871094,
                -3.158895492553711,
                -5.480632781982422,
                -2.697113037109375,
                -6.695910930633545
            ],
            "root_mean_squared_error": [
                1.7740589380264282,
                3.1885106563568115,
                0.9792754650115967,
                0.5276692509651184,
                0.6075365543365479,
                1.341162919998169,
                0.49826881289482117,
                2.278691053390503,
                0.5577211976051331,
                0.6962044835090637,
                0.5258471369743347,
                0.7586790919303894
            ],
            "root_mean_squared_percentage_error": [
                0.5839433670043945,
                1.1405792236328125,
                0.32401150465011597,
                0.18616828322410583,
                0.22182199358940125,
                0.4673062264919281,
                0.17518150806427002,
                0.8201706409454346,
                0.19632580876350403,
                0.24752843379974365,
                0.18644863367080688,
                0.27142393589019775
            ]
        },
        "combined": {
            "loss": [
                3.145890712738037,
                10.181644439697266,
                0.9653756618499756,
                0.2817157804965973,
                0.37327486276626587,
                1.7981863021850586,
                0.2506779432296753,
                5.188657760620117,
                0.3153543472290039,
                0.486002653837204,
                0.27837231755256653,
                0.5803689956665039
            ]
        }
    },
    "training": {
        "Close_next": {
            "loss": [
                16.426029205322266,
                3.414196491241455,
                3.1408259868621826,
                0.7401750683784485,
                0.44183099269866943,
                0.6247843503952026,
                0.7624775171279907,
                1.7127045392990112,
                1.3074649572372437,
                0.2627538740634918,
                0.24859663844108582,
                0.2257968932390213
            ],
            "mean_absolute_error": [
                3.319507598876953,
                1.4824837446212769,
                1.435035228729248,
                0.688901424407959,
                0.5251277685165405,
                0.6484344601631165,
                0.7587583661079407,
                1.0992571115493774,
                0.8750099539756775,
                0.42020562291145325,
                0.4043908417224884,
                0.38903000950813293
            ],
            "mean_squared_error": [
                16.426027297973633,
                3.414196014404297,
                3.1408257484436035,
                0.7401750683784485,
                0.44183099269866943,
                0.6247843503952026,
                0.762477457523346,
                1.7127047777175903,
                1.307464838027954,
                0.2627538740634918,
                0.24859662353992462,
                0.22579684853553772
            ],
            "r2": [
                -208.97451782226562,
                -42.643470764160156,
                -39.15047073364258,
                -8.461614608764648,
                -4.647900104522705,
                -6.986758708953857,
                -8.746992111206055,
                -20.89405059814453,
                -15.713125228881836,
                -2.358841896057129,
                -2.1777963638305664,
                -1.8864331245422363
            ],
            "root_mean_squared_error": [
                4.052903652191162,
                1.8477543592453003,
                1.7722375392913818,
                0.8603342771530151,
                0.6647036671638489,
                0.7904329895973206,
                0.8731995224952698,
                1.3087034225463867,
                1.143444299697876,
                0.5125952363014221,
                0.49859464168548584,
                0.47518086433410645
            ],
            "root_mean_squared_percentage_error": [
                1.2912765741348267,
                0.6435454487800598,
                0.5624291300773621,
                0.29970306158065796,
                0.2279929667711258,
                0.2787381708621979,
                0.30335095524787903,
                0.4424516558647156,
                0.33045220375061035,
                0.18129529058933258,
                0.169738307595253,
                0.1691524237394333
            ]
        },
        "combined": {
            "loss": [
                15.71441650390625,
                3.8179688453674316,
                3.0139944553375244,
                0.739155650138855,
                0.43455296754837036,
                0.6434499621391296,
                0.7647050619125366,
                1.928923487663269,
                1.2462221384048462,
                0.27490970492362976,
                0.24233484268188477,
                0.2423538863658905
            ]
        }
    },
    "validation": {
        "Close_next": {
            "loss": [
                3.7113535404205322,
                10.266946792602539,
                0.9555292129516602,
                0.2904873192310333,
                0.4195937514305115,
                1.8023303747177124,
                0.25721243023872375,
                5.111253261566162,
                0.3312765657901764,
                0.46474945545196533,
                0.2619416415691376,
                0.5924421548843384
            ],
            "mean_absolute_error": [
                1.4235451221466064,
                3.1038384437561035,
                0.7349729537963867,
                0.38729095458984375,
                0.5160650014877319,
                1.2335538864135742,
                0.35964080691337585,
                2.217925786972046,
                0.4606429934501648,
                0.5872821807861328,
                0.4030218720436096,
                0.706344485282898
            ],