{
    "evaluation_frequency": {
        "frequency": 1,
        "period": "epoch"
    },
    "test": {
        "Close_next": {
            "loss": [
                0.028457578271627426,
                0.020284298807382584,
                0.12206465750932693,
                0.0072161965072155,
                0.01451119501143694,
                0.22901195287704468,
                0.23518098890781403,
                0.004773094318807125,
                0.640893280506134,
                0.05965251103043556
            ],
            "mean_absolute_error": [
                0.13407620787620544,
                0.12122367322444916,
                0.3405033349990845,
                0.06847420334815979,
                0.10538654774427414,
                0.4741899371147156,
                0.48064789175987244,
                0.05822543799877167,
                0.7974236011505127,
                0.2402421236038208
            ],
            "mean_squared_error": [
                0.028457578271627426,
                0.020284298807382584,
                0.12206465750932693,
                0.007216196972876787,
                0.01451119501143694,
                0.22901193797588348,
                0.23518098890781403,
                0.004773094318807125,
                0.640893280506134,
                0.05965251103043556
            ],
            "r2": [
                0.6195113658905029,
                0.7287912368774414,
                -0.6320508718490601,
                0.9035167098045349,
                0.8059797883033752,
                -2.061976671218872,
                -2.1444592475891113,
                0.936181902885437,
                -7.568985939025879,
                0.20242327451705933
            ],
            "root_mean_squared_error": [
                0.16869373619556427,
                0.14242295920848846,
                0.3493775427341461,
                0.08494820445775986,
                0.12046242505311966,
                0.4785519242286682,
                0.4849546253681183,
                0.06908758729696274,
                0.8005580902099609,
                0.24423862993717194
            ],
            "root_mean_squared_percentage_error": [
                0.05611614137887955,
                0.05110231786966324,
                0.12631630897521973,
                0.03179934620857239,
                0.04424423351883888,
                0.17176669836044312,
                0.17314258217811584,
                0.02426924929022789,
                0.28677883744239807,
                0.08784009516239166
            ]
        },
        "combined": {
            "loss": [
                0.028533169999718666,
                0.020296547561883926,
                0.12206698954105377,
                0.007207022979855537,
                0.014503618702292442,
                0.2290171980857849,
                0.2351953685283661,
                0.004775073379278183,
                0.64091956615448,
                0.059657983481884
            ]
        }
    },
    "training": {
        "Close_next": {
            "loss": [
                1.8020741939544678,
                0.24213795363903046,
                0.18562376499176025,
                0.15606844425201416,
                0.1332234889268875,
                0.013667406514286995,
                0.13915616273880005,
                0.09530799835920334,
                0.2232871800661087,
                0.16097091138362885
            ],
            "mean_absolute_error": [
                0.9902448058128357,
                0.37985941767692566,
                0.3533989191055298,
                0.3453162908554077,
                0.28700146079063416,
                0.09620927274227142,
                0.31461358070373535,
                0.28796765208244324,
                0.3991590440273285,
                0.30670663714408875
            ],
            "mean_squared_error": [
                1.8020741939544678,
                0.24213795363903046,
                0.18562380969524384,
                0.15606844425201416,
                0.1332235038280487,
                0.013667406514286995,
                0.13915616273880005,
                0.09530800580978394,
                0.2232871800661087,
                0.16097091138362885
            ],
            "r2": [
                -22.035980224609375,
                -2.0952582359313965,
                -1.3728184700012207,
                -0.9950286149978638,
                -0.7030259370803833,
                0.8252864480018616,
                -0.7788252830505371,
                -0.2183436155319214,
                -1.854330062866211,
                -1.0576817989349365
            ],
            "root_mean_squared_error": [
                1.3424135446548462,
                0.4920751452445984,
                0.4308408200740814,
                0.39505499601364136,
                0.3649979531764984,
                0.11690768599510193,
                0.3730364143848419,
                0.3087199330329895,
                0.472532719373703,
                0.40121179819107056
            ],
            "root_mean_squared_percentage_error": [
                0.3513433337211609,
                0.14623406529426575,
                0.12840679287910461,
                0.12697406113147736,
                0.10256750881671906,
                0.038882844150066376,
                0.11694599688053131,
                0.10495244711637497,
                0.1543060839176178,
                0.10721900314092636
            ]
        },
        "combined": {
            "loss": [
                1.7117880582809448,
                0.2468029111623764,
                0.17767934501171112,
                0.15210901200771332,
                0.12630459666252136,
                0.013108581304550171,
                0.13976308703422546,
                0.09426707029342651,
                0.2492038905620575,
                0.15241952240467072
            ]
        }
    },
    "validation": {
        "Close_next": {
            "loss": [
                0.03165667876601219,
                0.021714570000767708,
                0.12466473877429962,
                0.0073536466807127,
                0.01483993511646986,
                0.23037685453891754,
                0.23527127504348755,
                0.004841052461415529,
                0.6389197707176208,
                0.06096728891134262
            ],
            "mean_absolute_error": [
                0.1405811607837677,
                0.1254063844680786,
                0.34405317902565,
                0.06965392827987671,
                0.10668274760246277,
                0.47515764832496643,
                0.48009252548217773,
                0.057891860604286194,
                0.795697808265686,
                0.2430555820465088
            ],
            "mean_squared_error": [
                0.03165667876601219,
                0.021714570000767708,
                0.12466473877429962,
                0.0073536466807127,
                0.01483993511646986,
                0.23037685453891754,
                0.23527127504348755,
                0.004841052461415529,
                0.6389197707176208,
                0.06096728891134262
            ],
            "r2": [
                0.6098847389221191,
                0.7324045300483704,
                -0.5362828969955444,
                0.909378707408905,
                0.8171228170394897,
                -1.8390064239501953,
                -1.8993220329284668,
                0.9403421878814697,
                -6.873610019683838,
                0.24868088960647583
            ],