{
    "evaluation_frequency": {
        "frequency": 1,
        "period": "epoch"
    },
    "test": {
        "close_next": {
            "loss": [
                815.1656494140625,
                0.0509040430188179,
                0.05754182115197182,
                0.012570127844810486,
                0.019189324229955673,
                0.007764799520373344,
                0.009656107984483242,
                0.03105011209845543,
                0.01103372871875763,
                0.010991864837706089,
                0.010540931485593319
            ],
            "mean_absolute_error": [
                28.549049377441406,
                0.18484987318515778,
                0.22416405379772186,
                0.08406314253807068,
                0.11907754838466644,
                0.07105772197246552,
                0.08403909206390381,
                0.1645326465368271,
                0.08748318254947662,
                0.08622630685567856,
                0.08166041225194931
            ],
            "mean_squared_error": [
                815.1652221679688,
                0.050904057919979095,
                0.05754181370139122,
                0.012570125050842762,
                0.019189324229955673,
                0.007764796726405621,
                0.009656107053160667,
                0.031050093472003937,
                0.011033727787435055,
                0.010991866700351238,
                0.010540930554270744
            ],
            "r2": [
                -10898.4365234375,
                0.3193705081939697,
                0.2306181788444519,
                0.8319270014762878,
                0.74342280626297,
                0.8961782455444336,
                0.8708898425102234,
                0.5848344564437866,
                0.8524699211120605,
                0.8530296087265015,
                0.8590589761734009
            ],
            "root_mean_squared_error": [
                28.551097869873047,
                0.22561927139759064,
                0.23987874388694763,
                0.11211656779050827,
                0.13852553069591522,
                0.08811808377504349,
                0.09826549142599106,
                0.17621037364006042,
                0.10504155606031418,
                0.10484210401773453,
                0.10266903042793274
            ],
            "root_mean_squared_percentage_error": [
                10.373441696166992,
                0.08314315974712372,
                0.08592179417610168,
                0.040848150849342346,
                0.05091654509305954,
                0.03138824552297592,
                0.03484465181827545,
                0.06286876648664474,
                0.03721688315272331,
                0.03684844821691513,
                0.03535052016377449
            ]
        },
        "combined": {
            "loss": [
                815.1480712890625,
                0.05113217979669571,
                0.05755908787250519,
                0.012734238058328629,
                0.019161956384778023,
                0.007757509592920542,
                0.009667865931987762,
                0.031052062287926674,
                0.01111742202192545,
                0.011094233952462673,
                0.01063454244285822
            ]
        }
    },
    "training": {
        "close_next": {
            "loss": [
                6547.55859375,
                106.24260711669922,
                0.027024364098906517,
                0.022909654304385185,
                0.01660141907632351,
                0.007283736485987902,
                0.013389809988439083,
                0.014690532349050045,
                0.013951973058283329,
                0.013879393227398396,
                0.012903450056910515
            ],
            "mean_absolute_error": [
                75.52591705322266,
                5.963873386383057,
                0.13271819055080414,
                0.12153180688619614,
                0.10542348027229309,
                0.06664877384901047,
                0.09388209879398346,
                0.10076891630887985,
                0.09548647701740265,
                0.09386137872934341,
                0.0900818258523941
            ],
            "mean_squared_error": [
                6547.55517578125,
                106.24259948730469,
                0.02702437900006771,
                0.022909656167030334,
                0.01660141535103321,
                0.0072837392799556255,
                0.013389808125793934,
                0.014690539799630642,
                0.013951978646218777,
                0.013879384845495224,
                0.012903454713523388
            ],
            "r2": [
                -83699.71875,
                -1357.093017578125,
                0.6545692682266235,
                0.7071601152420044,
                0.7877694368362427,
                0.9068944454193115,
                0.8288313150405884,
                0.8122158050537109,
                0.8216487169265747,
                0.8225753903388977,
                0.8350449800491333
            ],
            "root_mean_squared_error": [
                80.91696166992188,
                10.307405471801758,
                0.1643909364938736,
                0.15135936439037323,
                0.12884648144245148,
                0.0853448286652565,
                0.11571434140205383,
                0.12120454013347626,
                0.11811849474906921,
                0.11781080067157745,
                0.11359337717294693
            ],
            "root_mean_squared_percentage_error": [
                27.476154327392578,
                2.186727523803711,
                0.05683761090040207,
                0.05085480585694313,
                0.04485338553786278,
                0.03028767928481102,
                0.039861664175987244,
                0.041913729161024094,
                0.04073580726981163,
                0.040065571665763855,
                0.03883025422692299
            ]
        },
        "combined": {
            "loss": [
                6545.87841796875,
                106.21129608154297,
                0.027026548981666565,
                0.022905822843313217,
                0.016599779948592186,
                0.007283706218004227,
                0.013393256813287735,
                0.014691146090626717,
                0.013955499045550823,
                0.013877184130251408,
                0.012907413765788078
            ]
        }
    },
    "validation": {
        "close_next": {
            "loss": [
                814.7984008789062,
                0.049613337963819504,
                0.06453420221805573,
                0.011586212553083897,
                0.01707218773663044,
                0.009740271605551243,
                0.011515609920024872,
                0.03496753051877022,
                0.012615939602255821,
                0.012313871644437313,
                0.01278651226311922
            ],
            "mean_absolute_error": [
                28.54237174987793,
                0.18097710609436035,
                0.23764942586421967,
                0.0789223164319992,
                0.10809937864542007,
                0.08030705899000168,
                0.09251637011766434,
                0.17546899616718292,
                0.09612272679805756,
                0.09333653002977371,
                0.09323177486658096
            ],