{
    "evaluation_frequency": {
        "frequency": 1,
        "period": "epoch"
    },
    "test": {
        "combined": {
            "loss": [
                19.13754653930664,
                15.271947860717773,
                8.897578239440918,
                6.222525119781494,
                5.087835788726807,
                3.6927523612976074,
                3.2833101749420166,
                2.9214441776275635,
                2.610388994216919,
                2.5504753589630127
            ]
        },
        "rating": {
            "loss": [
                21.000709533691406,
                16.44806480407715,
                10.331517219543457,
                6.965939998626709,
                5.3914666175842285,
                4.034186840057373,
                3.7424559593200684,
                3.2200491428375244,
                2.8588855266571045,
                2.708620548248291
            ],
            "mean_absolute_error": [
                2.69502329826355,
                2.6971793174743652,
                1.9049566984176636,
                1.7128305435180664,
                1.521154761314392,
                1.3559575080871582,
                1.2943601608276367,
                1.2521090507507324,
                1.1976535320281982,
                1.175499677658081
            ],
            "mean_squared_error": [
                21.000709533691406,
                16.44806480407715,
                10.331517219543457,
                6.965939521789551,
                5.3914666175842285,
                4.034186840057373,
                3.7424566745758057,
                3.2200493812561035,
                2.8588855266571045,
                2.708620548248291
            ],
            "r2": [
                -18.133298873901367,
                -13.985481262207031,
                -8.412824630737305,
                -5.346518516540527,
                -3.912050247192383,
                -2.675461530685425,
                -2.409672260284424,
                -1.933718204498291,
                -1.6046695709228516,
                -1.467766284942627
            ],
            "root_mean_squared_error": [
                4.582653045654297,
                4.055621147155762,
                3.2142677307128906,
                2.6393065452575684,
                2.321953296661377,
                2.008528470993042,
                1.9345430135726929,
                1.7944495677947998,
                1.6908239126205444,
                1.6457887887954712
            ],
            "root_mean_squared_percentage_error": [
                1.6244477033615112,
                1.271779179573059,
                1.062993049621582,
                0.879923939704895,
                0.8041479587554932,
                0.7528455853462219,
                0.7349730134010315,
                0.695767343044281,
                0.7109542489051819,
                0.6764484643936157
            ]
        }
    },
    "training": {
        "combined": {
            "loss": [
                33.501609802246094,
                12.123679161071777,
                5.540928363800049,
                2.8518927097320557,
                1.6245051622390747,
                1.1153666973114014,
                0.7709819674491882,
                0.4962087869644165,
                0.3960442543029785,
                0.2599751353263855
            ]
        },
        "rating": {
            "loss": [
                33.5508918762207,
                12.155206680297852,
                5.557775497436523,
                2.8532862663269043,
                1.624811053276062,
                1.1178269386291504,
                0.7586706280708313,
                0.49644649028778076,
                0.39514094591140747,
                0.25953733921051025
            ],
            "mean_absolute_error": [
                3.360339641571045,
                2.1246044635772705,
                1.4442387819290161,
                1.1253807544708252,
                0.8691681027412415,
                0.6695468425750732,
                0.5163595080375671,
                0.41228097677230835,
                0.34815022349357605,
                0.3269389271736145
            ],
            "mean_squared_error": [
                33.5508918762207,
                12.155206680297852,
                5.557775497436523,
                2.853286027908325,
                1.6248114109039307,
                1.1178269386291504,
                0.7586707472801208,
                0.49644652009010315,
                0.3951408565044403,
                0.25953730940818787
            ],
            "r2": [
                -29.035320281982422,
                -9.881545066833496,
                -3.9754137992858887,
                -1.554309606552124,
                -0.4545583724975586,
                -0.0006974935531616211,
                0.3208252191543579,
                0.5555727481842041,
                0.6462632417678833,
                0.7676578760147095
            ],
            "root_mean_squared_error": [
                5.792313098907471,
                3.486431837081909,
                2.3574934005737305,
                1.6891672611236572,
                1.2746808528900146,
                1.0572733879089355,
                0.8710170984268188,
                0.7045896053314209,
                0.6286023259162903,
                0.5094480514526367
            ],
            "root_mean_squared_percentage_error": [
                1.828349232673645,
                1.1141362190246582,
                0.797659158706665,
                0.5921239256858826,
                0.47068050503730774,
                0.41105058789253235,
                0.32227465510368347,
                0.24810190498828888,
                0.20987668633460999,
                0.19752994179725647
            ]
        }
    },
    "validation": {
        "combined": {
            "loss": [
                33.354129791259766,
                22.74599838256836,
                14.073305130004883,
                9.896188735961914,
                7.125922203063965,
                5.559969425201416,
                4.803257942199707,
                3.860349655151367,
                3.955714702606201,
                2.7269225120544434
            ]
        },
        "rating": {
            "loss": [
                38.09695053100586,
                24.986387252807617,
                15.798874855041504,
                10.911575317382812,
                7.607997417449951,
                5.963512420654297,
                5.118160247802734,
                4.10704231262207,
                4.156805992126465,
                2.820406436920166
            ],
            "mean_absolute_error": [
                2.7390129566192627,
                2.6597094535827637,
                1.8602598905563354,
                1.6860369443893433,
                1.5751643180847168,
                1.3548470735549927,
                1.3240827322006226,
                1.2454153299331665,
                1.248305082321167,
                1.1200329065322876
            ],
            "mean_squared_error": [
                38.09695053100586,
                24.986387252807617,
                15.798874855041504,
                10.911575317382812,
                7.607997417449951,
                5.963512420654297,
                5.118160724639893,
                4.10704231262207,
                4.156805992126465,
                2.820406436920166
            ],
            "r2": [
                -32.55899429321289,
                -21.010108947753906,
                -12.916975975036621,
                -8.611832618713379,
                -5.701763153076172,
                -4.253162860870361,
                -3.5085058212280273,
                -2.617827892303467,
                -2.661663770675659,
                -1.4844508171081543
            ],