{
    "evaluation_frequency": {
        "frequency": 1,
        "period": "epoch"
    },
    "test": {
        "Close_next": {
            "loss": [
                0.03686824068427086,
                0.04594172537326813,
                0.03534143790602684,
                0.27340513467788696,
                0.16244156658649445,
                0.1257575899362564,
                0.06413418054580688,
                0.0021004367154091597,
                0.05807667225599289,
                0.020205439999699593
            ],
            "mean_absolute_error": [
                0.15476825833320618,
                0.19464349746704102,
                0.17282573878765106,
                0.5182329416275024,
                0.3986833393573761,
                0.3508942127227783,
                0.2486659437417984,
                0.03610938787460327,
                0.22148911654949188,
                0.12338005006313324
            ],
            "mean_squared_error": [
                0.03686824068427086,
                0.04594172537326813,
                0.03534143418073654,
                0.27340513467788696,
                0.16244156658649445,
                0.1257575899362564,
                0.06413418054580688,
                0.0021004367154091597,
                0.05807667598128319,
                0.020205439999699593
            ],
            "r2": [
                0.5070576071739197,
                0.385741651058197,
                0.5274716019630432,
                -2.6555304527282715,
                -1.171905517578125,
                -0.6814266443252563,
                0.1425015926361084,
                0.9719163775444031,
                0.2234928011894226,
                0.7298455834388733
            ],
            "root_mean_squared_error": [
                0.1920110434293747,
                0.2143402099609375,
                0.18799316883087158,
                0.5228815674781799,
                0.40304040908813477,
                0.3546231687068939,
                0.2532472610473633,
                0.04583052173256874,
                0.2409910261631012,
                0.14214584231376648
            ],
            "root_mean_squared_percentage_error": [
                0.06397099047899246,
                0.07693908363580704,
                0.06931712478399277,
                0.1879298835992813,
                0.14482158422470093,
                0.12791436910629272,
                0.09140494465827942,
                0.016816414892673492,
                0.08151303231716156,
                0.054305531084537506
            ]
        },
        "combined": {
            "loss": [
                0.036950722336769104,
                0.04593479260802269,
                0.03532698377966881,
                0.27340394258499146,
                0.1624567061662674,
                0.1257726103067398,
                0.06414474546909332,
                0.0020982339046895504,
                0.05811207368969917,
                0.020190319046378136
            ]
        }
    },
    "training": {
        "Close_next": {
            "loss": [
                1.7906954288482666,
                0.033286742866039276,
                0.02570149302482605,
                0.17060601711273193,
                0.056745074689388275,
                0.1357332468032837,
                0.10755876451730728,
                0.12208510935306549,
                0.09324142336845398,
                0.10122575610876083
            ],
            "mean_absolute_error": [
                0.984914243221283,
                0.14703279733657837,
                0.1314430981874466,
                0.349339097738266,
                0.17038452625274658,
                0.349600225687027,
                0.30892303586006165,
                0.31133678555488586,
                0.23950426280498505,
                0.26061132550239563
            ],
            "mean_squared_error": [
                1.7906954288482666,
                0.033286746591329575,
                0.0257014911621809,
                0.17060601711273193,
                0.05674506351351738,
                0.1357332468032837,
                0.10755877941846848,
                0.12208511680364609,
                0.09324140846729279,
                0.10122576355934143
            ],
            "r2": [
                -21.891029357910156,
                0.5744943022727966,
                0.6714520454406738,
                -1.1808629035949707,
                0.2746310830116272,
                -0.7350703477859497,
                -0.3749176263809204,
                -0.5606415271759033,
                -0.19193458557128906,
                -0.29399168491363525
            ],
            "root_mean_squared_error": [
                1.338168740272522,
                0.18244655430316925,
                0.1603168398141861,
                0.413044810295105,
                0.2382122278213501,
                0.36841994524002075,
                0.3279615640640259,
                0.34940680861473083,
                0.3053545653820038,
                0.31815996766090393
            ],
            "root_mean_squared_percentage_error": [
                0.34952402114868164,
                0.06045017018914223,
                0.053760088980197906,
                0.13637033104896545,
                0.06373021751642227,
                0.12501996755599976,
                0.11508233100175858,
                0.11578454822301865,
                0.08750689029693604,
                0.09716413170099258
            ]
        },
        "combined": {
            "loss": [
                1.7005354166030884,
                0.032450880855321884,
                0.025007737800478935,
                0.1888827532529831,
                0.05411618947982788,
                0.13120725750923157,
                0.11112897098064423,
                0.12471412122249603,
                0.0891314372420311,
                0.09691469371318817
            ]
        }
    },
    "validation": {
        "Close_next": {
            "loss": [
                0.040661606937646866,
                0.043944988399744034,
                0.03620818257331848,
                0.2755591869354248,
                0.1625756323337555,
                0.1264697015285492,
                0.06494023650884628,
                0.0022347664926201105,
                0.06010052561759949,
                0.01909901760518551
            ],
            "mean_absolute_error": [
                0.16106943786144257,
                0.1899159550666809,
                0.17548000812530518,
                0.5198608636856079,
                0.39894795417785645,
                0.3519091010093689,
                0.2502290606498718,
                0.03724101930856705,
                0.2259310632944107,
                0.11944612115621567
            ],
            "mean_squared_error": [
                0.040661606937646866,
                0.043944988399744034,
                0.03620818257331848,
                0.2755591869354248,
                0.1625756323337555,
                0.1264697015285492,
                0.06494023650884628,
                0.0022347664926201105,
                0.06010052561759949,
                0.01909901760518551
            ],
            "r2": [
                0.4989141821861267,
                0.458452045917511,
                0.5537950992584229,
                -2.3958027362823486,
                -1.0034706592559814,
                -0.5585259199142456,
                0.19972097873687744,
                0.9724602699279785,
                0.2593623399734497,
                0.7646368145942688
            ],