{
    "evaluation_frequency": {
        "frequency": 1,
        "period": "epoch"
    },
    "test": {
        "close_next": {
            "loss": [
                3.5474283695220947,
                0.010788477025926113,
                0.01884944550693035,
                0.0015863346634432673,
                0.004035187419503927,
                0.0049478430300951,
                0.007659631781280041,
                0.014831596985459328,
                0.022941939532756805
            ],
            "mean_absolute_error": [
                1.8560293912887573,
                0.08360827714204788,
                0.13187755644321442,
                0.03235369548201561,
                0.06119479238986969,
                0.06907026469707489,
                0.08617553114891052,
                0.12123824656009674,
                0.1509391814470291
            ],
            "mean_squared_error": [
                3.547428846359253,
                0.01078847423195839,
                0.01884944923222065,
                0.0015863340813666582,
                0.0040351878851652145,
                0.004947842564433813,
                0.007659631781280041,
                0.014831600710749626,
                0.022941943258047104
            ],
            "r2": [
                -46.43206787109375,
                0.8557491302490234,
                0.7479672431945801,
                0.9787893891334534,
                0.9460461735725403,
                0.9338432550430298,
                0.8975843787193298,
                0.8016891479492188,
                0.6932471990585327
            ],
            "root_mean_squared_error": [
                1.8834619522094727,
                0.10386758297681808,
                0.13729329407215118,
                0.03982881084084511,
                0.06352312862873077,
                0.07034090161323547,
                0.0875193253159523,
                0.12178505957126617,
                0.1514659821987152
            ],
            "root_mean_squared_percentage_error": [
                0.669143557548523,
                0.03750526160001755,
                0.049933791160583496,
                0.014182735234498978,
                0.022903956472873688,
                0.025402525439858437,
                0.03149264678359032,
                0.04420013353228569,
                0.054947782307863235
            ]
        },
        "combined": {
            "loss": [
                3.557856559753418,
                0.010745381936430931,
                0.01873454637825489,
                0.0016014135908335447,
                0.0040058474987745285,
                0.004926000256091356,
                0.007685221266001463,
                0.014797857031226158,
                0.022892363369464874
            ]
        }
    },
    "training": {
        "close_next": {
            "loss": [
                2263.203125,
                0.4119953215122223,
                0.008836021646857262,
                0.009208958595991135,
                0.00677660433575511,
                0.009232180193066597,
                0.011954396963119507,
                0.014016659930348396,
                0.01323290728032589
            ],
            "mean_absolute_error": [
                39.82728576660156,
                0.34099698066711426,
                0.07478055357933044,
                0.07648034393787384,
                0.06513167917728424,
                0.07757067680358887,
                0.09336432069540024,
                0.10405745357275009,
                0.10479390621185303
            ],
            "mean_squared_error": [
                2263.20458984375,
                0.4119955599308014,
                0.008836022578179836,
                0.009208958595991135,
                0.006776598747819662,
                0.00923218298703432,
                0.01195439137518406,
                0.014016658067703247,
                0.013232903555035591
            ],
            "r2": [
                -28930.693359375,
                -4.266515254974365,
                0.887056291103363,
                0.8822876214981079,
                0.9133687615394592,
                0.8819881677627563,
                0.847180962562561,
                0.8208298087120056,
                0.8308408260345459
            ],
            "root_mean_squared_error": [
                47.573150634765625,
                0.6418688297271729,
                0.09400012344121933,
                0.09596332162618637,
                0.08232010155916214,
                0.09608425199985504,
                0.10933613777160645,
                0.1183919683098793,
                0.11503435671329498
            ],
            "root_mean_squared_percentage_error": [
                14.490005493164062,
                0.1335158497095108,
                0.031507037580013275,
                0.030199134722352028,
                0.025107523426413536,
                0.028944354504346848,
                0.03444470837712288,
                0.03824949264526367,
                0.03842027857899666
            ]
        },
        "combined": {
            "loss": [
                2262.5380859375,
                0.41187670826911926,
                0.008833800442516804,
                0.009210419841110706,
                0.006776045076549053,
                0.009230921976268291,
                0.011953852139413357,
                0.014012662693858147,
                0.013237214647233486
            ]
        }
    },
    "validation": {
        "close_next": {
            "loss": [
                3.477198362350464,
                0.011863569729030132,
                0.019725026562809944,
                0.0015169790713116527,
                0.004132675938308239,
                0.005019268486648798,
                0.007588974200189114,
                0.01485236082226038,
                0.02304844744503498
            ],
            "mean_absolute_error": [
                1.8383259773254395,
                0.08695784956216812,
                0.13454139232635498,
                0.03201881796121597,
                0.06169665977358818,
                0.0693732425570488,
                0.08582592010498047,
                0.1212754175066948,
                0.151329904794693
            ],
            "mean_squared_error": [
                3.4771997928619385,
                0.011863568797707558,
                0.019725030288100243,
                0.00151697953697294,
                0.004132676403969526,
                0.005019270349293947,
                0.007588974200189114,
                0.01485236082226038,
                0.023048454895615578
            ],
            "r2": [
                -41.85116195678711,
                0.8537997007369995,
                0.7569192051887512,
                0.9813055396080017,
                0.9490711092948914,
                0.9381451606750488,
                0.9064775109291077,
                0.8169673681259155,
                0.7159631252288818
            ],
            "root_mean_squared_error": [
                1.864725112915039,
                0.10892000794410706,
                0.14044582843780518,
                0.0389484204351902,
                0.06428589671850204,
                0.0708468109369278,
                0.08711472153663635,
                0.1218702644109726,
                0.1518171727657318
            ],
            "root_mean_squared_percentage_error": [
                0.662725567817688,
                0.04025222361087799,
                0.051367372274398804,
                0.014431900344789028,
                0.023412778973579407,
                0.0256718248128891,
                0.031184745952486992,
                0.04417939484119415,
                0.055012647062540054
            ]
        },