{
    "evaluation_frequency": {
        "frequency": 1,
        "period": "epoch"
    },
    "test": {
        "Close_next": {
            "loss": [
                0.030542338266968727,
                0.038154806941747665,
                0.05755574256181717,
                0.007954329252243042,
                0.09335322678089142,
                0.05858493596315384,
                0.038254864513874054,
                0.016880694776773453,
                0.5334917902946472
            ],
            "mean_absolute_error": [
                0.13919220864772797,
                0.174320787191391,
                0.22528287768363953,
                0.07274395227432251,
                0.2988564074039459,
                0.2349172979593277,
                0.18803125619888306,
                0.12099088728427887,
                0.728011429309845
            ],
            "mean_squared_error": [
                0.030542336404323578,
                0.038154806941747665,
                0.05755574256181717,
                0.007954329252243042,
                0.09335321933031082,
                0.05858493223786354,
                0.038254864513874054,
                0.016880694776773453,
                0.5334917902946472
            ],
            "r2": [
                0.591637372970581,
                0.4898557662963867,
                0.2304578423500061,
                0.8936476111412048,
                -0.2481679916381836,
                0.21669721603393555,
                0.4885179400444031,
                0.7742986679077148,
                -6.132987976074219
            ],
            "root_mean_squared_error": [
                0.17476366460323334,
                0.19533255696296692,
                0.23990778625011444,
                0.08918704837560654,
                0.3055375814437866,
                0.24204324185848236,
                0.19558851420879364,
                0.12992572784423828,
                0.7304052114486694
            ],
            "root_mean_squared_percentage_error": [
                0.058143630623817444,
                0.0694347470998764,
                0.08750666677951813,
                0.03217945247888565,
                0.10968096554279327,
                0.08641111850738525,
                0.06976218521595001,
                0.04656778275966644,
                0.2625105082988739
            ]
        },
        "combined": {
            "loss": [
                0.030620114877820015,
                0.03817787021398544,
                0.05755479633808136,
                0.007946080528199673,
                0.09335367381572723,
                0.05858680605888367,
                0.038254380226135254,
                0.016876526176929474,
                0.5334898233413696
            ]
        }
    },
    "training": {
        "Close_next": {
            "loss": [
                1.7889631986618042,
                0.22732658684253693,
                0.20068855583667755,
                0.02334826998412609,
                0.06848714500665665,
                0.09842776507139206,
                0.10663461685180664,
                0.04258333519101143,
                0.208875834941864
            ],
            "mean_absolute_error": [
                0.9877616763114929,
                0.37009862065315247,
                0.3773752450942993,
                0.12614555656909943,
                0.19232478737831116,
                0.29714927077293396,
                0.29744601249694824,
                0.1624870002269745,
                0.4001140892505646
            ],
            "mean_squared_error": [
                1.7889631986618042,
                0.22732658684253693,
                0.20068855583667755,
                0.023348266258835793,
                0.06848714500665665,
                0.09842775762081146,
                0.10663460940122604,
                0.04258333519101143,
                0.20887580513954163
            ],
            "r2": [
                -21.86838150024414,
                -1.9059882164001465,
                -1.5654468536376953,
                0.7015382647514343,
                0.12450700998306274,
                -0.25822412967681885,
                -0.3631542921066284,
                0.45565569400787354,
                -1.6700670719146729
            ],
            "root_mean_squared_error": [
                1.3375213146209717,
                0.4767877757549286,
                0.4479827582836151,
                0.15280139446258545,
                0.26170048117637634,
                0.31373199820518494,
                0.32654955983161926,
                0.20635730028152466,
                0.4570293128490448
            ],
            "root_mean_squared_percentage_error": [
                0.35068967938423157,
                0.1424776166677475,
                0.1353164166212082,
                0.05272866040468216,
                0.08057445287704468,
                0.10816805064678192,
                0.10557074844837189,
                0.0657649114727974,
                0.15338757634162903
            ]
        },
        "combined": {
            "loss": [
                1.6998788118362427,
                0.2304234504699707,
                0.1907341629266739,
                0.02333829365670681,
                0.08006750047206879,
                0.09636692702770233,
                0.10157639533281326,
                0.04805013909935951,
                0.23111867904663086
            ]
        }
    },
    "validation": {
        "Close_next": {
            "loss": [
                0.03389747813344002,
                0.040496669709682465,
                0.05942389741539955,
                0.00763517152518034,
                0.09307998418807983,
                0.058736033737659454,
                0.03813549131155014,
                0.016656797379255295,
                0.5315802097320557
            ],
            "mean_absolute_error": [
                0.14580246806144714,
                0.17910034954547882,
                0.22933532297611237,
                0.07042527198791504,
                0.2985234260559082,
                0.23439139127731323,
                0.18678337335586548,
                0.11901738494634628,
                0.7262883186340332
            ],
            "mean_squared_error": [
                0.03389747813344002,
                0.040496669709682465,
                0.05942389741539955,
                0.00763517152518034,
                0.09307998418807983,
                0.058736033737659454,
                0.03813549131155014,
                0.016656797379255295,
                0.5315802097320557
            ],
            "r2": [
                0.5822706818580627,
                0.5009467601776123,
                0.2677006125450134,
                0.9059093594551086,
                -0.14705395698547363,
                0.2761773467063904,
                0.5300443172454834,
                0.7947330474853516,
                -5.550830364227295
            ],
            "root_mean_squared_error": [
                0.18411268293857574,
                0.20123784244060516,
                0.24377016723155975,
                0.08737947046756744,
                0.30509012937545776,
                0.24235518276691437,
                0.19528310000896454,
                0.12906122207641602,
                0.729095458984375
            ],
            "root_mean_squared_percentage_error": [
                0.0606740266084671,
                0.07094955444335938,
                0.08848122507333755,
                0.03155571594834328,
                0.10972979664802551,
                0.0860069990158081,
                0.06916610151529312,
                0.04584866389632225,
                0.26148584485054016
            ]
        },